kind,level,grade,prompt,answer,tags,source,key,group,sub_group
idiom,L1,,通过个别的细微的迹象，可以看到整个形势的发展趋向（四字）,一叶知秋,成语;秋天;课内必背,部编教材日积月累/课内,idiom-l1-0001,成语-秋天,L1
idiom,L1,,万物重新生长（四字）,万物复苏,成语;春天;课内必背,部编教材日积月累/课内,idiom-l1-0002,成语-春天,L1
idiom,L1,,生活富裕（四字）,丰衣足食,成语;综合;课内必背,部编教材日积月累/课内,idiom-l1-0003,成语-综合,L1
idiom,L1,,年成好，粮食丰收（四字）,五谷丰登,成语;秋天;课内必背,部编教材日积月累/课内,idiom-l1-0004,成语-秋天,L1
idiom,L1,,见识狭窄的人（四字）,井底之蛙,成语;寓言;课内必背,部编教材日积月累/课内,idiom-l1-0005,成语-寓言,L1
idiom,L1,,女子身材细长（四字）,亭亭玉立,成语;AABC;课内必背,部编教材日积月累/课内,idiom-l1-0006,成语-AABC,L1
idiom,L1,,太平兴旺的景象（四字）,人寿年丰,成语;综合;课内必背,部编教材日积月累/课内,idiom-l1-0007,成语-综合,L1
idiom,L1,,乐音很久还在回响（四字）,余音绕梁,成语;艺术;课内必背,部编教材日积月累/课内,idiom-l1-0008,成语-艺术,L1
idiom,L1,,社会秩序不安定（四字）,兵荒马乱,成语;动物;课内必背,部编教材日积月累/课内,idiom-l1-0009,成语-动物,L1
idiom,L1,,多指国内不安定和外敌侵略（四字）,内忧外患,成语;综合;课内必背,部编教材日积月累/课内,idiom-l1-0010,成语-综合,L1
idiom,L1,,冰和雪化了（四字）,冰雪融化,成语;冬天;课内必背,部编教材日积月累/课内,idiom-l1-0011,成语-冬天,L1
idiom,L1,,不懂事物已发展变化而仍静止地看问题（四字）,刻舟求剑,成语;寓言;课内必背,部编教材日积月累/课内,idiom-l1-0012,成语-寓言,L1
idiom,L1,,啼饥号寒的灾民（四字）,哀鸿遍野,成语;综合;课内必背,部编教材日积月累/课内,idiom-l1-0013,成语-综合,L1
idiom,L1,,国家太平，人民安乐（四字）,国泰民安,成语;综合;课内必背,部编教材日积月累/课内,idiom-l1-0014,成语-综合,L1
idiom,L1,,事故或事变很多的时期（四字）,多事之秋,成语;秋天;课内必背,部编教材日积月累/课内,idiom-l1-0015,成语-秋天,L1
idiom,L1,,社会治安情况良好（四字）,夜不闭户,成语;综合;课内必背,部编教材日积月累/课内,idiom-l1-0016,成语-综合,L1
idiom,L1,,自然界最美的声音（四字）,天籁之音,成语;艺术;课内必背,部编教材日积月累/课内,idiom-l1-0017,成语-艺术,L1
idiom,L1,,天空高远，云很淡（四字）,天高云淡,成语;写景;课内必背,部编教材日积月累/课内,idiom-l1-0018,成语-写景,L1
idiom,L1,,小学教辅常见成语（四字）,太平盛世,成语;综合;课内必背,部编教材日积月累/课内,idiom-l1-0019,成语-综合,L1
idiom,L1,,得到帮助后更强（四字）,如虎添翼,成语;动物;课内必背,部编教材日积月累/课内,idiom-l1-0020,成语-动物,L1
idiom,L1,,做事非常顺手（四字）,如鱼得水,成语;写景;课内必背,部编教材日积月累/课内,idiom-l1-0021,成语-写景,L1
idiom,L1,,文笔非常出色（四字）,妙笔生花,成语;学习;课内必背,部编教材日积月累/课内,idiom-l1-0022,成语-学习,L1
idiom,L1,,声势或气派使人敬畏（四字）,威风凛凛,成语;ABCC;课内必背,部编教材日积月累/课内,idiom-l1-0023,成语-ABCC,L1
idiom,L1,,安定愉快地生活和劳动（四字）,安居乐业,成语;综合;课内必背,部编教材日积月累/课内,idiom-l1-0024,成语-综合,L1
idiom,L1,,危害集体的人（四字）,害群之马,成语;动物;课内必背,部编教材日积月累/课内,idiom-l1-0025,成语-动物,L1
idiom,L1,,家遭不幸的惨相（四字）,家破人亡,成语;综合;课内必背,部编教材日积月累/课内,idiom-l1-0026,成语-综合,L1
idiom,L1,,树林层层变色（四字）,层林尽染,成语;综合;课内必背,部编教材日积月累/课内,idiom-l1-0027,成语-综合,L1
idiom,L1,,人工比自然还精巧（四字）,巧夺天工,成语;艺术;课内必背,部编教材日积月累/课内,idiom-l1-0028,成语-艺术,L1
idiom,L1,,受过惊吓后非常害怕（四字）,惊弓之鸟,成语;动物;课内必背,部编教材日积月累/课内,idiom-l1-0029,成语-动物,L1
idiom,L1,,描摹得十分逼真（四字）,惟妙惟肖,成语;艺术;课内必背,部编教材日积月累/课内,idiom-l1-0030,成语-艺术,L1
idiom,L1,,人的容貌一副善良的样子（四字）,慈眉善目,成语;外貌;课内必背,部编教材日积月累/课内,idiom-l1-0031,成语-外貌,L1
idiom,L1,,自己欺骗自己，明明掩盖不住的事情偏要想法子掩盖（四字）,掩耳盗铃,成语;寓言;课内必背,部编教材日积月累/课内,idiom-l1-0032,成语-寓言,L1
idiom,L1,,国家稳定，人民安乐（四字）,政通人和,成语;综合;课内必背,部编教材日积月累/课内,idiom-l1-0033,成语-综合,L1
idiom,L1,,配合适当（四字）,文质彬彬,成语;ABCC;课内必背,部编教材日积月累/课内,idiom-l1-0034,成语-ABCC,L1
idiom,L1,,女子容貌美丽，也指美丽的女子（四字）,明眸皓齿,成语;综合;课内必背,部编教材日积月累/课内,idiom-l1-0035,成语-综合,L1
idiom,L1,,春天开花秋天结果（四字）,春华秋实,成语;春天;课内必背,部编教材日积月累/课内,idiom-l1-0036,成语-春天,L1
idiom,L1,,春天回来了，大地苏醒（四字）,春回大地,成语;春天;课内必背,部编教材日积月累/课内,idiom-l1-0037,成语-春天,L1
idiom,L1,,不必要的或缺乏根据的忧虑和担心（四字）,杞人忧天,成语;寓言;课内必背,部编教材日积月累/课内,idiom-l1-0038,成语-寓言,L1
idiom,L1,,因疑神疑鬼而引起恐惧（四字）,杯弓蛇影,成语;动物;课内必背,部编教材日积月累/课内,idiom-l1-0039,成语-动物,L1
idiom,L1,,果实结得很多（四字）,果实累累,成语;ABCC;课内必背,部编教材日积月累/课内,idiom-l1-0040,成语-ABCC,L1
idiom,L1,,柳树绿、花儿红（四字）,柳绿花红,成语;春天;课内必背,部编教材日积月累/课内,idiom-l1-0041,成语-春天,L1
idiom,L1,,形象生动得像活的一样（四字）,栩栩如生,成语;AABC;课内必背,部编教材日积月累/课内,idiom-l1-0042,成语-AABC,L1
idiom,L1,,老百姓无以为生，活不下去（四字）,民不聊生,成语;综合;课内必背,部编教材日积月累/课内,idiom-l1-0043,成语-综合,L1
idiom,L1,,泉水发出叮咚声（四字）,泉水叮咚,成语;写景;课内必背,部编教材日积月累/课内,idiom-l1-0044,成语-写景,L1
idiom,L1,,无处安身，到处流浪（四字）,流离失所,成语;综合;课内必背,部编教材日积月累/课内,idiom-l1-0045,成语-综合,L1
idiom,L1,,眉目有神的人（四字）,浓眉大眼,成语;外貌;课内必背,部编教材日积月累/课内,idiom-l1-0046,成语-外貌,L1
idiom,L1,,无本领的冒充有本领，次货冒充好货（四字）,滥竽充数,成语;寓言;课内必背,部编教材日积月累/课内,idiom-l1-0047,成语-寓言,L1
idiom,L1,,侥幸逃脱的人（四字）,漏网之鱼,成语;动物;课内必背,部编教材日积月累/课内,idiom-l1-0048,成语-动物,L1
idiom,L1,,吃东西又猛又急（四字）,狼吞虎咽,成语;动物;课内必背,部编教材日积月累/课内,idiom-l1-0049,成语-动物,L1
idiom,L1,,人民处于极端困苦的境地（四字）,生灵涂炭,成语;综合;课内必背,部编教材日积月累/课内,idiom-l1-0050,成语-综合,L1
idiom,L1,,做了多余的事，非但无益，反而不合适（四字）,画蛇添足,成语;寓言;课内必背,部编教材日积月累/课内,idiom-l1-0051,成语-寓言,L1
idiom,L1,,关键处一点就使整体生动（四字）,画龙点睛,成语;动物;课内必背,部编教材日积月累/课内,idiom-l1-0052,成语-动物,L1
idiom,L1,,人的苍老（四字）,白发苍苍,成语;ABCC;课内必背,部编教材日积月累/课内,idiom-l1-0053,成语-ABCC,L1
idiom,L1,,很多花一起开（四字）,百花齐放,成语;写景;课内必背,部编教材日积月累/课内,idiom-l1-0054,成语-写景,L1
idiom,L1,,很多鸟一起叫（四字）,百鸟争鸣,成语;动物;课内必背,部编教材日积月累/课内,idiom-l1-0055,成语-动物,L1
idiom,L1,,人的仪表端正魁梧（四字）,相貌堂堂,成语;ABCC;课内必背,部编教材日积月累/课内,idiom-l1-0056,成语-ABCC,L1
idiom,L1,,描写外貌的成语（四字）,眉清目秀,成语;外貌;课内必背,部编教材日积月累/课内,idiom-l1-0057,成语-外貌,L1
idiom,L1,,秋风轻轻吹（四字）,秋风习习,成语;ABCC;课内必背,部编教材日积月累/课内,idiom-l1-0058,成语-ABCC,L1
idiom,L1,,秋天天气清爽（四字）,秋高气爽,成语;秋天;课内必背,部编教材日积月累/课内,idiom-l1-0059,成语-秋天,L1
idiom,L1,,书法笔势奔放（四字）,笔走龙蛇,成语;学习;课内必背,部编教材日积月累/课内,idiom-l1-0060,成语-学习,L1
idiom,L1,,胆子很小（四字）,胆小如鼠,成语;动物;课内必背,部编教材日积月累/课内,idiom-l1-0061,成语-动物,L1
idiom,L1,,小学教辅常见成语（四字）,膀大腰圆,成语;综合;课内必背,部编教材日积月累/课内,idiom-l1-0062,成语-综合,L1
idiom,L1,,自己说话做事前后抵触（四字）,自相矛盾,成语;寓言;课内必背,部编教材日积月累/课内,idiom-l1-0063,成语-寓言,L1
idiom,L1,,黄莺唱歌、燕子飞舞（四字）,莺歌燕舞,成语;春天;课内必背,部编教材日积月累/课内,idiom-l1-0064,成语-春天,L1
idiom,L1,,文章或动作很流畅（四字）,行云流水,成语;写景;课内必背,部编教材日积月累/课内,idiom-l1-0065,成语-写景,L1
idiom,L1,,小学教辅常见成语（四字）,豆蔻年华,成语;综合;课内必背,部编教材日积月累/课内,idiom-l1-0066,成语-综合,L1
idiom,L1,,社会风气好（四字）,路不拾遗,成语;综合;课内必背,部编教材日积月累/课内,idiom-l1-0067,成语-综合,L1
idiom,L1,,轻快地唱、柔美地舞（四字）,轻歌曼舞,成语;综合;课内必背,部编教材日积月累/课内,idiom-l1-0068,成语-综合,L1
idiom,L1,,模仿人不到家，反把原来自己会的东西忘了（四字）,邯郸学步,成语;学习;课内必背,部编教材日积月累/课内,idiom-l1-0069,成语-学习,L1
idiom,L1,,桂花香气飘散（四字）,金桂飘香,成语;秋天;课内必背,部编教材日积月累/课内,idiom-l1-0070,成语-秋天,L1
idiom,L1,,知音难遇或乐曲高妙（四字）,高山流水,成语;写景;课内必背,部编教材日积月累/课内,idiom-l1-0071,成语-写景,L1
idiom,L1,,鸡叫狗叫形容喧闹（四字）,鸡鸣狗吠,成语;动物;课内必背,部编教材日积月累/课内,idiom-l1-0072,成语-动物,L1
idiom,L1,,老年人气色好（四字）,鹤发童颜,成语;外貌;课内必背,部编教材日积月累/课内,idiom-l1-0073,成语-外貌,L1
idiom,L1,,正宗高雅的音乐（四字）,黄钟大吕,成语;综合;课内必背,部编教材日积月累/课内,idiom-l1-0074,成语-综合,L1
idiom,L1,,字写得有气势（四字）,龙飞凤舞,成语;动物;课内必背,部编教材日积月累/课内,idiom-l1-0075,成语-动物,L1
idiom,L2,,没有眼力，取舍不当（四字）,买椟还珠,成语;寓言;课内拓展,小学成语培优全书·教辅常见,idiom-l2-0076,成语-寓言,L2
idiom,L2,,出了问题以后想办法补救，可以防止继续受损失（四字）,亡羊补牢,成语;寓言;课内拓展,小学成语培优全书·教辅常见,idiom-l2-0077,成语-寓言,L2
idiom,L2,,行动和目的正好相反（四字）,南辕北辙,成语;寓言;课内拓展,小学成语培优全书·教辅常见,idiom-l2-0078,成语-寓言,L2
idiom,L2,,眼界小，见识少（四字）,坐井观天,成语;寓言;课内拓展,小学成语培优全书·教辅常见,idiom-l2-0079,成语-寓言,L2
idiom,L2,,一时虽然受到损失，也许反而因此能得到好处（四字）,塞翁失马,成语;寓言;课内拓展,小学成语培优全书·教辅常见,idiom-l2-0080,成语-寓言,L2
idiom,L2,,希图不经过努力而得到成功的侥幸心理（四字）,守株待兔,成语;寓言;课内拓展,小学成语培优全书·教辅常见,idiom-l2-0081,成语-寓言,L2
idiom,L2,,违反事物发展的客观规律，急于求成，反而坏事（四字）,拔苗助长,成语;寓言;课内拓展,小学成语培优全书·教辅常见,idiom-l2-0082,成语-寓言,L2
idiom,L2,,依仗别人的势力欺压人（四字）,狐假虎威,成语;寓言;课内拓展,小学成语培优全书·教辅常见,idiom-l2-0083,成语-寓言,L2
idiom,L2,,仇恨极深，立志报复◇比喻意志坚决，不畏艰难（四字）,精卫填海,成语;寓言;课内拓展,小学成语培优全书·教辅常见,idiom-l2-0084,成语-寓言,L2
idiom,L2,,有限的一点本领也已经用完了（四字）,黔驴技穷,成语;寓言;课内拓展,小学成语培优全书·教辅常见,idiom-l2-0085,成语-寓言,L2
idiom,L3,,把一切全部取消（四字）,一笔勾销,成语;学习;小升初高频,小学成语培优全书·教辅常见,idiom-l3-0086,成语-学习,L3
idiom,L3,,经过反复考虑，然后再去做（四字）,三思而行,成语;学习;小升初高频,小学成语培优全书·教辅常见,idiom-l3-0087,成语-学习,L3
idiom,L3,,写文思敏捷（四字）,下笔成章,成语;学习;小升初高频,小学成语培优全书·教辅常见,idiom-l3-0088,成语-学习,L3
idiom,L3,,做事答话敏捷、熟练，用不着考虑（四字）,不假思索,成语;学习;小升初高频,小学成语培优全书·教辅常见,idiom-l3-0089,成语-学习,L3
idiom,L3,,无法想象，难以理解（四字）,不可思议,成语;学习;小升初高频,小学成语培优全书·教辅常见,idiom-l3-0090,成语-学习,L3
idiom,L3,,没有学问因而没有办法（四字）,不学无术,成语;学习;小升初高频,小学成语培优全书·教辅常见,idiom-l3-0091,成语-学习,L3
idiom,L3,,乐于向学问或地位比自己低的人学习，而不觉得不好意（四字）,不耻下问,成语;学习;小升初高频,小学成语培优全书·教辅常见,idiom-l3-0092,成语-学习,L3
idiom,L3,,对事情不关心（四字）,不闻不问,成语;学习;小升初高频,小学成语培优全书·教辅常见,idiom-l3-0093,成语-学习,L3
idiom,L3,,学业精深是由勤奋得来的（四字）,业精于勤,成语;学习;小升初高频,小学成语培优全书·教辅常见,idiom-l3-0094,成语-学习,L3
idiom,L3,,在新环境中得到乐趣，不再想回到原来环境中去（四字）,乐不思蜀,成语;学习;小升初高频,小学成语培优全书·教辅常见,idiom-l3-0095,成语-学习,L3
idiom,L3,,某种事情经常去做，或某种现象经常看到，也就觉得很（四字）,习以为常,成语;学习;小升初高频,小学成语培优全书·教辅常见,idiom-l3-0096,成语-学习,L3
idiom,L3,,与学习有关的成语（四字）,书山有路,成语;学习;小升初高频,小学成语培优全书·教辅常见,idiom-l3-0097,成语-学习,L3
idiom,L3,,与学习有关的成语（四字）,勤俭节约,成语;学习;小升初高频,小学成语培优全书·教辅常见,idiom-l3-0098,成语-学习,L3
idiom,L3,,善于学习（四字）,勤学好问,成语;学习;小升初高频,小学成语培优全书·教辅常见,idiom-l3-0099,成语-学习,L3
idiom,L3,,与学习有关的成语（四字）,勤学苦练,成语;学习;小升初高频,小学成语培优全书·教辅常见,idiom-l3-0100,成语-学习,L3
idiom,L3,,与学习有关的成语（四字）,勤能补拙,成语;学习;小升初高频,小学成语培优全书·教辅常见,idiom-l3-0101,成语-学习,L3
idiom,L3,,言谈行动离奇古怪，不是一般人根据常情所能想象的（四字）,匪夷所思,成语;学习;小升初高频,小学成语培优全书·教辅常见,idiom-l3-0102,成语-学习,L3
idiom,L3,,读书很多（四字）,博览群书,成语;学习;小升初高频,小学成语培优全书·教辅常见,idiom-l3-0103,成语-学习,L3
idiom,L3,,失败之后，重新恢复势力（四字）,卷土重来,成语;学习;小升初高频,小学成语培优全书·教辅常见,idiom-l3-0104,成语-学习,L3
idiom,L3,,与学习有关的成语（四字）,天道酬勤,成语;学习;小升初高频,小学成语培优全书·教辅常见,idiom-l3-0105,成语-学习,L3
idiom,L3,,精神昂扬地挥笔快速书写（四字）,奋笔疾书,成语;学习;小升初高频,小学成语培优全书·教辅常见,idiom-l3-0106,成语-学习,L3
idiom,L3,,与学习有关的成语（四字）,学以致用,成语;学习;小升初高频,小学成语培优全书·教辅常见,idiom-l3-0107,成语-学习,L3
idiom,L3,,与学习有关的成语（四字）,学富五车,成语;学习;小升初高频,小学成语培优全书·教辅常见,idiom-l3-0108,成语-学习,L3
idiom,L3,,学业上是没有尽头的，应奋进不息（四字）,学无止境,成语;学习;小升初高频,小学成语培优全书·教辅常见,idiom-l3-0109,成语-学习,L3
idiom,L3,,学问的海洋无边无际（四字）,学海无涯,成语;学习;小升初高频,小学成语培优全书·教辅常见,idiom-l3-0110,成语-学习,L3
idiom,L3,,与学习有关的成语（四字）,学而不厌,成语;学习;小升初高频,小学成语培优全书·教辅常见,idiom-l3-0111,成语-学习,L3
idiom,L3,,随时有应付意外事件的思想准备（四字）,居安思危,成语;学习;小升初高频,小学成语培优全书·教辅常见,idiom-l3-0112,成语-学习,L3
idiom,L3,,与学习有关的成语（四字）,开卷有益,成语;学习;小升初高频,小学成语培优全书·教辅常见,idiom-l3-0113,成语-学习,L3
idiom,L3,,与学习有关的成语（四字）,手不释卷,成语;学习;小升初高频,小学成语培优全书·教辅常见,idiom-l3-0114,成语-学习,L3
idiom,L3,,才学不高，学识不深（多用作自谦的话）（四字）,才疏学浅,成语;学习;小升初高频,小学成语培优全书·教辅常见,idiom-l3-0115,成语-学习,L3
idiom,L3,,文人从军（四字）,投笔从戎,成语;学习;小升初高频,小学成语培优全书·教辅常见,idiom-l3-0116,成语-学习,L3
idiom,L3,,想尽一切办法（四字）,挖空心思,成语;学习;小升初高频,小学成语培优全书·教辅常见,idiom-l3-0117,成语-学习,L3
idiom,L3,,天资聪明而又好学（四字）,敏而好学,成语;学习;小升初高频,小学成语培优全书·教辅常见,idiom-l3-0118,成语-学习,L3
idiom,L3,,与学习有关的成语（四字）,教学相长,成语;学习;小升初高频,小学成语培优全书·教辅常见,idiom-l3-0119,成语-学习,L3
idiom,L3,,非常想念或经常想着某一件事（四字）,朝思暮想,成语;学习;小升初高频,小学成语培优全书·教辅常见,idiom-l3-0120,成语-学习,L3
idiom,L3,,与学习有关的成语（四字）,深思熟虑,成语;学习;小升初高频,小学成语培优全书·教辅常见,idiom-l3-0121,成语-学习,L3
idiom,L3,,百般思索也无法理解（四字）,百思不解,成语;学习;小升初高频,小学成语培优全书·教辅常见,idiom-l3-0122,成语-学习,L3
idiom,L3,,诗文或书籍写得非趁，不论读多少遍也不感到厌倦（四字）,百读不厌,成语;学习;小升初高频,小学成语培优全书·教辅常见,idiom-l3-0123,成语-学习,L3
idiom,L3,,与学习有关的成语（四字）,真才实学,成语;学习;小升初高频,小学成语培优全书·教辅常见,idiom-l3-0124,成语-学习,L3
idiom,L3,,看见死去或离别的人留下的东西就想起了这个人（四字）,睹物思人,成语;学习;小升初高频,小学成语培优全书·教辅常见,idiom-l3-0125,成语-学习,L3
idiom,L3,,与学习有关的成语（四字）,知书达理,成语;学习;小升初高频,小学成语培优全书·教辅常见,idiom-l3-0126,成语-学习,L3
idiom,L3,,没有根据，不切实际的瞎想（四字）,胡思乱想,成语;学习;小升初高频,小学成语培优全书·教辅常见,idiom-l3-0127,成语-学习,L3
idiom,L3,,扪心自问，毫无愧色（四字）,问心无愧,成语;学习;小升初高频,小学成语培优全书·教辅常见,idiom-l3-0128,成语-学习,L3
idiom,L3,,集中群众的智慧，广泛吸收有益的意见（四字）,集思广益,成语;学习;小升初高频,小学成语培优全书·教辅常见,idiom-l3-0129,成语-学习,L3
idiom,L3,,从名称想到所包含的意义（四字）,顾名思义,成语;学习;小升初高频,小学成语培优全书·教辅常见,idiom-l3-0130,成语-学习,L3
idiom,L3,,一下子把残存的东西一扫而光（四字）,风卷残云,成语;学习;小升初高频,小学成语培优全书·教辅常见,idiom-l3-0131,成语-学习,L3
idiom,L3,,赞成人学好（四字）,与人为善,成语;品质;小升初高频,小学成语培优全书·教辅常见,idiom-l3-0132,成语-品质,L3
idiom,L3,,随口乱说一气（四字）,信口开河,成语;品质;小升初高频,小学成语培优全书·教辅常见,idiom-l3-0133,成语-品质,L3
idiom,L3,,不顾事实，随口乱说（四字）,信口雌黄,成语;品质;小升初高频,小学成语培优全书·教辅常见,idiom-l3-0134,成语-品质,L3
idiom,L3,,捏取东西（四字）,信手拈来,成语;品质;小升初高频,小学成语培优全书·教辅常见,idiom-l3-0135,成语-品质,L3
idiom,L3,,假借公家的名义，谋取私人的利益（四字）,假公济私,成语;品质;小升初高频,小学成语培优全书·教辅常见,idiom-l3-0136,成语-品质,L3
idiom,L3,,克制自己的私心，一心为公（四字）,克己奉公,成语;品质;小升初高频,小学成语培优全书·教辅常见,idiom-l3-0137,成语-品质,L3
idiom,L3,,为了公事而不考虑私事，为了集体利益而不考虑个人（四字）,公而忘私,成语;品质;小升初高频,小学成语培优全书·教辅常见,idiom-l3-0138,成语-品质,L3
idiom,L3,,描写品质的成语（四字）,勇往直前,成语;品质;小升初高频,小学成语培优全书·教辅常见,idiom-l3-0139,成语-品质,L3
idiom,L3,,描写品质的成语（四字）,勇敢无畏,成语;品质;小升初高频,小学成语培优全书·教辅常见,idiom-l3-0140,成语-品质,L3
idiom,L3,,不用智谋单凭个人的勇力（四字）,匹夫之勇,成语;品质;小升初高频,小学成语培优全书·教辅常见,idiom-l3-0141,成语-品质,L3
idiom,L3,,对真假是非不能肯定（四字）,半信半疑,成语;品质;小升初高频,小学成语培优全书·教辅常见,idiom-l3-0142,成语-品质,L3
idiom,L3,,口头上说爱好某事物，实际上并不真爱好（四字）,叶公好龙,成语;品质;小升初高频,小学成语培优全书·教辅常见,idiom-l3-0143,成语-品质,L3
idiom,L3,,办事认真（四字）,善始善终,成语;品质;小升初高频,小学成语培优全书·教辅常见,idiom-l3-0144,成语-品质,L3
idiom,L3,,人思想空虚，感情脆弱（四字）,多愁善感,成语;品质;小升初高频,小学成语培优全书·教辅常见,idiom-l3-0145,成语-品质,L3
idiom,L3,,办事公正，没有私心（四字）,大公无私,成语;品质;小升初高频,小学成语培优全书·教辅常见,idiom-l3-0146,成语-品质,L3
idiom,L3,,办事守规矩（四字）,奉公守法,成语;品质;小升初高频,小学成语培优全书·教辅常见,idiom-l3-0147,成语-品质,L3
idiom,L3,,有点相信，又有点怀疑（四字）,将信将疑,成语;品质;小升初高频,小学成语培优全书·教辅常见,idiom-l3-0148,成语-品质,L3
idiom,L3,,完美到没有一点缺点（四字）,尽善尽美,成语;品质;小升初高频,小学成语培优全书·教辅常见,idiom-l3-0149,成语-品质,L3
idiom,L3,,廉洁不贪，忠诚履行公职，一心为公（四字）,廉洁奉公,成语;品质;小升初高频,小学成语培优全书·教辅常见,idiom-l3-0150,成语-品质,L3
idiom,L3,,以诚心待人，坦白无私（四字）,开诚布公,成语;品质;小升初高频,小学成语培优全书·教辅常见,idiom-l3-0151,成语-品质,L3
idiom,L3,,真心地服气或服从（四字）,心悦诚服,成语;品质;小升初高频,小学成语培优全书·教辅常见,idiom-l3-0152,成语-品质,L3
idiom,L3,,描写品质的成语（四字）,惩恶扬善,成语;品质;小升初高频,小学成语培优全书·教辅常见,idiom-l3-0153,成语-品质,L3
idiom,L3,,坚持不懈地改造自然和坚定不移地进行斗争（四字）,愚公移山,成语;品质;小升初高频,小学成语培优全书·教辅常见,idiom-l3-0154,成语-品质,L3
idiom,L3,,描写品质的成语（四字）,智勇双全,成语;品质;小升初高频,小学成语培优全书·教辅常见,idiom-l3-0155,成语-品质,L3
idiom,L3,,做事或打仗只是猛打猛冲，缺乏计划，不讲策略（四字）,有勇无谋,成语;品质;小升初高频,小学成语培优全书·教辅常见,idiom-l3-0156,成语-品质,L3
idiom,L3,,没有一点消息（四字）,杳无音信,成语;品质;小升初高频,小学成语培优全书·教辅常见,idiom-l3-0157,成语-品质,L3
idiom,L3,,描写品质的成语（四字）,正直无私,成语;品质;小升初高频,小学成语培优全书·教辅常见,idiom-l3-0158,成语-品质,L3
idiom,L3,,生活简朴，吃用节俭（四字）,省吃俭用,成语;品质;小升初高频,小学成语培优全书·教辅常见,idiom-l3-0159,成语-品质,L3
idiom,L3,,描写品质的成语（四字）,精忠报国,成语;品质;小升初高频,小学成语培优全书·教辅常见,idiom-l3-0160,成语-品质,L3
idiom,L3,,描写品质的成语（四字）,精诚所至,成语;品质;小升初高频,小学成语培优全书·教辅常见,idiom-l3-0161,成语-品质,L3
idiom,L3,,坏人集结在一起，谋求私利，专干坏事（四字）,结党营私,成语;品质;小升初高频,小学成语培优全书·教辅常见,idiom-l3-0162,成语-品质,L3
idiom,L3,,能说会道，有辩才（四字）,能言善辩,成语;品质;小升初高频,小学成语培优全书·教辅常见,idiom-l3-0163,成语-品质,L3
idiom,L3,,主动要求担任某项艰巨的任务（四字）,自告奋勇,成语;品质;小升初高频,小学成语培优全书·教辅常见,idiom-l3-0164,成语-品质,L3
idiom,L3,,描写品质的成语（四字）,自私自利,成语;品质;小升初高频,小学成语培优全书·教辅常见,idiom-l3-0165,成语-品质,L3
idiom,L3,,描写品质的成语（四字）,英勇无畏,成语;品质;小升初高频,小学成语培优全书·教辅常见,idiom-l3-0166,成语-品质,L3
idiom,L3,,描写品质的成语（四字）,营私舞弊,成语;品质;小升初高频,小学成语培优全书·教辅常见,idiom-l3-0167,成语-品质,L3
idiom,L3,,描写品质的成语（四字）,见义勇为,成语;品质;小升初高频,小学成语培优全书·教辅常见,idiom-l3-0168,成语-品质,L3
idiom,L3,,描写品质的成语（四字）,言而有信,成语;品质;小升初高频,小学成语培优全书·教辅常见,idiom-l3-0169,成语-品质,L3
idiom,L3,,描写品质的成语（四字）,诚实可靠,成语;品质;小升初高频,小学成语培优全书·教辅常见,idiom-l3-0170,成语-品质,L3
idiom,L3,,描写品质的成语（四字）,诚实守信,成语;品质;小升初高频,小学成语培优全书·教辅常见,idiom-l3-0171,成语-品质,L3
idiom,L3,,十分真挚诚恳（四字）,诚心诚意,成语;品质;小升初高频,小学成语培优全书·教辅常见,idiom-l3-0172,成语-品质,L3
idiom,L3,,非常小心谨慎以至达到害怕不安的程度（四字）,诚惶诚恐,成语;品质;小升初高频,小学成语培优全书·教辅常见,idiom-l3-0173,成语-品质,L3
idiom,L3,,人虚心礼让，小心谨慎（四字）,谦虚谨慎,成语;品质;小升初高频,小学成语培优全书·教辅常见,idiom-l3-0174,成语-品质,L3
idiom,L3,,描写品质的成语（四字）,赤胆忠心,成语;品质;小升初高频,小学成语培优全书·教辅常见,idiom-l3-0175,成语-品质,L3
idiom,L3,,公正严明，不怕权势，不讲情面（四字）,铁面无私,成语;品质;小升初高频,小学成语培优全书·教辅常见,idiom-l3-0176,成语-品质,L3
idiom,L2,,非常顺利，没有任何阻碍（四字）,一帆风顺,成语;写景;课内拓展,小学成语培优全书·教辅常见,idiom-l2-0177,成语-写景,L2
idiom,L2,,写字的笔法曲折多变（四字）,一波三折,成语;写景;课内拓展,小学成语培优全书·教辅常见,idiom-l2-0178,成语-写景,L2
idiom,L2,,停滞不前的沉闷局面（四字）,一潭死水,成语;写景;课内拓展,小学成语培优全书·教辅常见,idiom-l2-0179,成语-写景,L2
idiom,L2,,天气晴朗（四字）,万里无云,成语;写景;课内拓展,小学成语培优全书·教辅常见,idiom-l2-0180,成语-写景,L2
idiom,L2,,说话内容混乱，无法理解（四字）,不知所云,成语;写景;课内拓展,小学成语培优全书·教辅常见,idiom-l2-0181,成语-写景,L2
idiom,L2,,再度出任要职（四字）,东山再起,成语;写景;课内拓展,小学成语培优全书·教辅常见,idiom-l2-0182,成语-写景,L2
idiom,L2,,做官廉洁（四字）,两袖清风,成语;写景;课内拓展,小学成语培优全书·教辅常见,idiom-l2-0183,成语-写景,L2
idiom,L2,,描写景物的成语（四字）,乌云密布,成语;写景;课内拓展,小学成语培优全书·教辅常见,idiom-l2-0184,成语-写景,L2
idiom,L2,,无限远的地方或远得无影无踪（四字）,九霄云外,成语;写景;课内拓展,小学成语培优全书·教辅常见,idiom-l2-0185,成语-写景,L2
idiom,L2,,天气由阴暗转为明朗（四字）,云开雾散,成语;写景;课内拓展,小学成语培优全书·教辅常见,idiom-l2-0186,成语-写景,L2
idiom,L2,,事物消失得干干净净（四字）,云消雾散,成语;写景;课内拓展,小学成语培优全书·教辅常见,idiom-l2-0187,成语-写景,L2
idiom,L2,,天气晴好（四字）,云淡风轻,成语;写景;课内拓展,小学成语培优全书·教辅常见,idiom-l2-0188,成语-写景,L2
idiom,L2,,描写景物的成语（四字）,云雾缭绕,成语;写景;课内拓展,小学成语培优全书·教辅常见,idiom-l2-0189,成语-写景,L2
idiom,L2,,全国各地，有时也指世界各地（四字）,五湖四海,成语;写景;课内拓展,小学成语培优全书·教辅常见,idiom-l2-0190,成语-写景,L2
idiom,L2,,五行阵和八门阵（四字）,五花八门,成语;写景;课内拓展,小学成语培优全书·教辅常见,idiom-l2-0191,成语-写景,L2
idiom,L2,,用别人的东西做人情（四字）,借花献佛,成语;写景;课内拓展,小学成语培优全书·教辅常见,idiom-l2-0192,成语-写景,L2
idiom,L2,,雨大势急（四字）,倾盆大雨,成语;写景;课内拓展,小学成语培优全书·教辅常见,idiom-l2-0193,成语-写景,L2
idiom,L2,,神话小说中妖魔鬼怪施展法术掀起风浪◇多比喻煽动情（四字）,兴风作浪,成语;写景;课内拓展,小学成语培优全书·教辅常见,idiom-l2-0194,成语-写景,L2
idiom,L2,,极其危险和困难的地方（四字）,刀山火海,成语;写景;课内拓展,小学成语培优全书·教辅常见,idiom-l2-0195,成语-写景,L2
idiom,L2,,路途艰难遥远（四字）,千山万水,成语;写景;课内拓展,小学成语培优全书·教辅常见,idiom-l2-0196,成语-写景,L2
idiom,L2,,威力极大（四字）,叱咤风云,成语;写景;课内拓展,小学成语培优全书·教辅常见,idiom-l2-0197,成语-写景,L2
idiom,L2,,考试或盐没有录取（四字）,名落孙山,成语;写景;课内拓展,小学成语培优全书·教辅常见,idiom-l2-0198,成语-写景,L2
idiom,L2,,神仙道士的法力（四字）,呼风唤雨,成语;写景;课内拓展,小学成语培优全书·教辅常见,idiom-l2-0199,成语-写景,L2
idiom,L2,,春天的风（四字）,和风细雨,成语;写景;课内拓展,小学成语培优全书·教辅常见,idiom-l2-0200,成语-写景,L2
idiom,L2,,声音响亮，好象可以穿过云层，直达高空（四字）,响彻云霄,成语;写景;课内拓展,小学成语培优全书·教辅常见,idiom-l2-0201,成语-写景,L2
idiom,L2,,描写景物的成语（四字）,堆积如山,成语;写景;课内拓展,小学成语培优全书·教辅常见,idiom-l2-0202,成语-写景,L2
idiom,L2,,理想宏伟远大（四字）,壮志凌云,成语;写景;课内拓展,小学成语培优全书·教辅常见,idiom-l2-0203,成语-写景,L2
idiom,L2,,步子跨得大，走得快（四字）,大步流星,成语;写景;课内拓展,小学成语培优全书·教辅常见,idiom-l2-0204,成语-写景,L2
idiom,L2,,描写景物的成语（四字）,奇山异水,成语;写景;课内拓展,小学成语培优全书·教辅常见,idiom-l2-0205,成语-写景,L2
idiom,L2,,用于祝人长寿（四字）,寿比南山,成语;写景;课内拓展,小学成语培优全书·教辅常见,idiom-l2-0206,成语-写景,L2
idiom,L2,,风景优美（四字）,山明水秀,成语;写景;课内拓展,小学成语培优全书·教辅常见,idiom-l2-0207,成语-写景,L2
idiom,L2,,风景优美（四字）,山清水秀,成语;写景;课内拓展,小学成语培优全书·教辅常见,idiom-l2-0208,成语-写景,L2
idiom,L2,,无路可走陷入绝境（四字）,山穷水尽,成语;写景;课内拓展,小学成语培优全书·教辅常见,idiom-l2-0209,成语-写景,L2
idiom,L2,,描写景物的成语（四字）,山花烂漫,成语;写景;课内拓展,小学成语培优全书·教辅常见,idiom-l2-0210,成语-写景,L2
idiom,L2,,人的风范或声誉象高山一样永远存在◇比喻恩德深厚（四字）,山高水长,成语;写景;课内拓展,小学成语培优全书·教辅常见,idiom-l2-0211,成语-写景,L2
idiom,L2,,不平凡的年月（四字）,峥嵘岁月,成语;写景;课内拓展,小学成语培优全书·教辅常见,idiom-l2-0212,成语-写景,L2
idiom,L2,,山水名胜路径曲折复杂（四字）,峰回路转,成语;写景;课内拓展,小学成语培优全书·教辅常见,idiom-l2-0213,成语-写景,L2
idiom,L2,,描写景物的成语（四字）,峰峦叠嶂,成语;写景;课内拓展,小学成语培优全书·教辅常见,idiom-l2-0214,成语-写景,L2
idiom,L2,,高大险峻的山岭（四字）,崇山峻岭,成语;写景;课内拓展,小学成语培优全书·教辅常见,idiom-l2-0215,成语-写景,L2
idiom,L2,,人一下子升到很高的地位上去（四字）,平步青云,成语;写景;课内拓展,小学成语培优全书·教辅常见,idiom-l2-0216,成语-写景,L2
idiom,L2,,说话或写文章直截了当谈本题，不拐弯抹角（四字）,开门见山,成语;写景;课内拓展,小学成语培优全书·教辅常见,idiom-l2-0217,成语-写景,L2
idiom,L2,,身体娇弱，连风吹都经受不起（四字）,弱不禁风,成语;写景;课内拓展,小学成语培优全书·教辅常见,idiom-l2-0218,成语-写景,L2
idiom,L2,,描写景物的成语（四字）,微风拂面,成语;写景;课内拓展,小学成语培优全书·教辅常见,idiom-l2-0219,成语-写景,L2
idiom,L2,,极其高兴（四字）,心花怒放,成语;写景;课内拓展,小学成语培优全书·教辅常见,idiom-l2-0220,成语-写景,L2
idiom,L2,,精神振奋，气概豪迈（四字）,意气风发,成语;写景;课内拓展,小学成语培优全书·教辅常见,idiom-l2-0221,成语-写景,L2
idiom,L2,,描写景物的成语（四字）,执法如山,成语;写景;课内拓展,小学成语培优全书·教辅常见,idiom-l2-0222,成语-写景,L2
idiom,L2,,连夜奔波或早出晚归，十分辛苦（四字）,披星戴月,成语;写景;课内拓展,小学成语培优全书·教辅常见,idiom-l2-0223,成语-写景,L2
idiom,L2,,说话做事不干脆利落（四字）,拖泥带水,成语;写景;课内拓展,小学成语培优全书·教辅常见,idiom-l2-0224,成语-写景,L2
idiom,L2,,冲破黑暗见到光明（四字）,拨云见日,成语;写景;课内拓展,小学成语培优全书·教辅常见,idiom-l2-0225,成语-写景,L2
idiom,L2,,说话做事丝毫没有事实根据（四字）,捕风捉影,成语;写景;课内拓展,小学成语培优全书·教辅常见,idiom-l2-0226,成语-写景,L2
idiom,L2,,力量强盛，声势浩大（四字）,排山倒海,成语;写景;课内拓展,小学成语培优全书·教辅常见,idiom-l2-0227,成语-写景,L2
idiom,L2,,从旁鼓动、助长事物（多指坏的事物）的声势和发展（四字）,推波助澜,成语;写景;课内拓展,小学成语培优全书·教辅常见,idiom-l2-0228,成语-写景,L2
idiom,L2,,发展或进步迅速，不断出现新事物、新气象（四字）,日新月异,成语;写景;课内拓展,小学成语培优全书·教辅常见,idiom-l2-0229,成语-写景,L2
idiom,L2,,时间过得很快（四字）,日月如梭,成语;写景;课内拓展,小学成语培优全书·教辅常见,idiom-l2-0230,成语-写景,L2
idiom,L2,,长时间不断地积累（四字）,日积月累,成语;写景;课内拓展,小学成语培优全书·教辅常见,idiom-l2-0231,成语-写景,L2
idiom,L2,,美好的事物或景象出现了一下，很快就消失（四字）,昙花一现,成语;写景;课内拓展,小学成语培优全书·教辅常见,idiom-l2-0232,成语-写景,L2
idiom,L2,,描写景物的成语（四字）,星月交辉,成语;写景;课内拓展,小学成语培优全书·教辅常见,idiom-l2-0233,成语-写景,L2
idiom,L2,,数量很多，分布很广（四字）,星罗棋布,成语;写景;课内拓展,小学成语培优全书·教辅常见,idiom-l2-0234,成语-写景,L2
idiom,L2,,声势浩大，发展急速而猛烈（四字）,暴风骤雨,成语;写景;课内拓展,小学成语培优全书·教辅常见,idiom-l2-0235,成语-写景,L2
idiom,L2,,描写景物的成语（四字）,月光如水,成语;写景;课内拓展,小学成语培优全书·教辅常见,idiom-l2-0236,成语-写景,L2
idiom,L2,,描写景物的成语（四字）,月明星稀,成语;写景;课内拓展,小学成语培优全书·教辅常见,idiom-l2-0237,成语-写景,L2
idiom,L2,,幽静美好的夜晚（四字）,月白风清,成语;写景;课内拓展,小学成语培优全书·教辅常见,idiom-l2-0238,成语-写景,L2
idiom,L2,,事先做好准备工作（四字）,未雨绸缪,成语;写景;课内拓展,小学成语培优全书·教辅常见,idiom-l2-0239,成语-写景,L2
idiom,L2,,力量太小，解决不了问题（四字）,杯水车薪,成语;写景;课内拓展,小学成语培优全书·教辅常见,idiom-l2-0240,成语-写景,L2
idiom,L2,,柳树成荫，繁花似锦的春天景象（四字）,柳暗花明,成语;写景;课内拓展,小学成语培优全书·教辅常见,idiom-l2-0241,成语-写景,L2
idiom,L2,,不良的作风和风气（四字）,歪风邪气,成语;写景;课内拓展,小学成语培优全书·教辅常见,idiom-l2-0242,成语-写景,L2
idiom,L2,,感情很融洽或结合十分紧密（四字）,水乳交融,成语;写景;课内拓展,小学成语培优全书·教辅常见,idiom-l2-0243,成语-写景,L2
idiom,L2,,条件成熟，事情自然会成功（四字）,水到渠成,成语;写景;课内拓展,小学成语培优全书·教辅常见,idiom-l2-0244,成语-写景,L2
idiom,L2,,水天相接的辽阔景象（四字）,水天一色,成语;写景;课内拓展,小学成语培优全书·教辅常见,idiom-l2-0245,成语-写景,L2
idiom,L2,,描写景物的成语（四字）,水平如镜,成语;写景;课内拓展,小学成语培优全书·教辅常见,idiom-l2-0246,成语-写景,L2
idiom,L2,,拥挤或包围的非常严密（四字）,水泄不通,成语;写景;课内拓展,小学成语培优全书·教辅常见,idiom-l2-0247,成语-写景,L2
idiom,L2,,描写景物的成语（四字）,水清石出,成语;写景;课内拓展,小学成语培优全书·教辅常见,idiom-l2-0248,成语-写景,L2
idiom,L2,,只要有恒心，不断努力，事情就一定能成功（四字）,水滴石穿,成语;写景;课内拓展,小学成语培优全书·教辅常见,idiom-l2-0249,成语-写景,L2
idiom,L2,,事情的真相完全显露出来（四字）,水落石出,成语;写景;课内拓展,小学成语培优全书·教辅常见,idiom-l2-0250,成语-写景,L2
idiom,L2,,波浪又大又急（四字）,波涛汹涌,成语;写景;课内拓展,小学成语培优全书·教辅常见,idiom-l2-0251,成语-写景,L2
idiom,L2,,描写景物的成语（四字）,波澜不惊,成语;写景;课内拓展,小学成语培优全书·教辅常见,idiom-l2-0252,成语-写景,L2
idiom,L2,,水面辽阔（四字）,波澜壮阔,成语;写景;课内拓展,小学成语培优全书·教辅常见,idiom-l2-0253,成语-写景,L2
idiom,L2,,乘混乱的时候从中捞取利益（四字）,浑水摸鱼,成语;写景;课内拓展,小学成语培优全书·教辅常见,idiom-l2-0254,成语-写景,L2
idiom,L2,,描写景物的成语（四字）,清风徐来,成语;写景;课内拓展,小学成语培优全书·教辅常见,idiom-l2-0255,成语-写景,L2
idiom,L2,,有水有山，风景秀丽（四字）,湖光山色,成语;写景;课内拓展,小学成语培优全书·教辅常见,idiom-l2-0256,成语-写景,L2
idiom,L2,,重阳节前的雨景◇比喻某一事件传播很广，到处议论纷（四字）,满城风雨,成语;写景;课内拓展,小学成语培优全书·教辅常见,idiom-l2-0257,成语-写景,L2
idiom,L2,,数量多或范围广（四字）,满山遍野,成语;写景;课内拓展,小学成语培优全书·教辅常见,idiom-l2-0258,成语-写景,L2
idiom,L2,,说话、办事非常细致、周密，无懈可击（四字）,滴水不漏,成语;写景;课内拓展,小学成语培优全书·教辅常见,idiom-l2-0259,成语-写景,L2
idiom,L2,,只要有恒心，不断努力，事情一定成功（四字）,滴水穿石,成语;写景;课内拓展,小学成语培优全书·教辅常见,idiom-l2-0260,成语-写景,L2
idiom,L2,,描写景物的成语（四字）,漫山遍野,成语;写景;课内拓展,小学成语培优全书·教辅常见,idiom-l2-0261,成语-写景,L2
idiom,L2,,树上挂满灯彩（四字）,火树银花,成语;写景;课内拓展,小学成语培优全书·教辅常见,idiom-l2-0262,成语-写景,L2
idiom,L2,,煽动别人闹事（四字）,煽风点火,成语;写景;课内拓展,小学成语培优全书·教辅常见,idiom-l2-0263,成语-写景,L2
idiom,L2,,大风大雨（四字）,狂风暴雨,成语;写景;课内拓展,小学成语培优全书·教辅常见,idiom-l2-0264,成语-写景,L2
idiom,L2,,描写景物的成语（四字）,甘拜下风,成语;写景;课内拓展,小学成语培优全书·教辅常见,idiom-l2-0265,成语-写景,L2
idiom,L2,,学问、技能等达到最高的境界或成就（四字）,登峰造极,成语;写景;课内拓展,小学成语培优全书·教辅常见,idiom-l2-0266,成语-写景,L2
idiom,L2,,描写景物的成语（四字）,皓月当空,成语;写景;课内拓展,小学成语培优全书·教辅常见,idiom-l2-0267,成语-写景,L2
idiom,L2,,事物复杂，无法辨清（四字）,眼花缭乱,成语;写景;课内拓展,小学成语培优全书·教辅常见,idiom-l2-0268,成语-写景,L2
idiom,L2,,描写景物的成语（四字）,碧波荡漾,成语;写景;课内拓展,小学成语培优全书·教辅常见,idiom-l2-0269,成语-写景,L2
idiom,L2,,改变旧的风俗习惯（四字）,移风易俗,成语;写景;课内拓展,小学成语培优全书·教辅常见,idiom-l2-0270,成语-写景,L2
idiom,L2,,象泰山一样稳固，不可动摇（四字）,稳如泰山,成语;写景;课内拓展,小学成语培优全书·教辅常见,idiom-l2-0271,成语-写景,L2
idiom,L2,,描写景物的成语（四字）,繁星满天,成语;写景;课内拓展,小学成语培优全书·教辅常见,idiom-l2-0272,成语-写景,L2
idiom,L2,,美好的景色和美好的事物（四字）,繁花似锦,成语;写景;课内拓展,小学成语培优全书·教辅常见,idiom-l2-0273,成语-写景,L2
idiom,L2,,节约使用财物，使经常不缺用（四字）,细水长流,成语;写景;课内拓展,小学成语培优全书·教辅常见,idiom-l2-0274,成语-写景,L2
idiom,L2,,与敌人决一死战（四字）,背水一战,成语;写景;课内拓展,小学成语培优全书·教辅常见,idiom-l2-0275,成语-写景,L2
idiom,L2,,五彩缤纷，十分鲜艳多彩的景象（四字）,花团锦簇,成语;写景;课内拓展,小学成语培优全书·教辅常见,idiom-l2-0276,成语-写景,L2
idiom,L2,,美好圆满（四字）,花好月圆,成语;写景;课内拓展,小学成语培优全书·教辅常见,idiom-l2-0277,成语-写景,L2
idiom,L2,,铺张修饰、内容空泛的言语或文辞◇多指用来骗人的虚（四字）,花言巧语,成语;写景;课内拓展,小学成语培优全书·教辅常见,idiom-l2-0278,成语-写景,L2
idiom,L2,,向来不认识的人偶然相遇（四字）,萍水相逢,成语;写景;课内拓展,小学成语培优全书·教辅常见,idiom-l2-0279,成语-写景,L2
idiom,L2,,暮春景色衰败◇常用来比喻被打得大败（四字）,落花流水,成语;写景;课内拓展,小学成语培优全书·教辅常见,idiom-l2-0280,成语-写景,L2
idiom,L2,,蜻蜓在水面飞行时用尾部轻触水面的动作（四字）,蜻蜓点水,成语;写景;课内拓展,小学成语培优全书·教辅常见,idiom-l2-0281,成语-写景,L2
idiom,L2,,谈话谈得高兴而有风趣（四字）,谈笑风生,成语;写景;课内拓展,小学成语培优全书·教辅常见,idiom-l2-0282,成语-写景,L2
idiom,L2,,事情如意，心境愉快◇多指大略地观察一下（四字）,走马观花,成语;写景;课内拓展,小学成语培优全书·教辅常见,idiom-l2-0283,成语-写景,L2
idiom,L2,,走远路的艰苦（四字）,跋山涉水,成语;写景;课内拓展,小学成语培优全书·教辅常见,idiom-l2-0284,成语-写景,L2
idiom,L2,,虚度光阴（四字）,蹉跎岁月,成语;写景;课内拓展,小学成语培优全书·教辅常见,idiom-l2-0285,成语-写景,L2
idiom,L2,,能优先得到利益或便利的某种地位或关系（四字）,近水楼台,成语;写景;课内拓展,小学成语培优全书·教辅常见,idiom-l2-0286,成语-写景,L2
idiom,L2,,被迫起来反抗（四字）,逼上梁山,成语;写景;课内拓展,小学成语培优全书·教辅常见,idiom-l2-0287,成语-写景,L2
idiom,L2,,好的事物到处涌现或普遍发展（四字）,遍地开花,成语;写景;课内拓展,小学成语培优全书·教辅常见,idiom-l2-0288,成语-写景,L2
idiom,L2,,意义重大（四字）,重于泰山,成语;写景;课内拓展,小学成语培优全书·教辅常见,idiom-l2-0289,成语-写景,L2
idiom,L2,,秋天的风（四字）,金风送爽,成语;写景;课内拓展,小学成语培优全书·教辅常见,idiom-l2-0290,成语-写景,L2
idiom,L2,,好上加好，美上添美（四字）,锦上添花,成语;写景;课内拓展,小学成语培优全书·教辅常见,idiom-l2-0291,成语-写景,L2
idiom,L2,,经过了很多年月（四字）,长年累月,成语;写景;课内拓展,小学成语培优全书·教辅常见,idiom-l2-0292,成语-写景,L2
idiom,L2,,女子容貌美丽（四字）,闭月羞花,成语;写景;课内拓展,小学成语培优全书·教辅常见,idiom-l2-0293,成语-写景,L2
idiom,L2,,一听到风声，就立刻起来响应（四字）,闻风而动,成语;写景;课内拓展,小学成语培优全书·教辅常见,idiom-l2-0294,成语-写景,L2
idiom,L2,,描写景物的成语（四字）,附庸风雅,成语;写景;课内拓展,小学成语培优全书·教辅常见,idiom-l2-0295,成语-写景,L2
idiom,L2,,没有坚定的立场，缺乏判断是非的能力，只能随着别人（四字）,随波逐流,成语;写景;课内拓展,小学成语培优全书·教辅常见,idiom-l2-0296,成语-写景,L2
idiom,L2,,执行政策法令严厉迅速（四字）,雷厉风行,成语;写景;课内拓展,小学成语培优全书·教辅常见,idiom-l2-0297,成语-写景,L2
idiom,L2,,描写景物的成语（四字）,青山绿水,成语;写景;课内拓展,小学成语培优全书·教辅常见,idiom-l2-0298,成语-写景,L2
idiom,L2,,顺着某个趋势或某种方便说话办事（四字）,顺水推舟,成语;写景;课内拓展,小学成语培优全书·教辅常见,idiom-l2-0299,成语-写景,L2
idiom,L2,,时局变化迅速，动向难以预料（四字）,风云变幻,成语;写景;课内拓展,小学成语培优全书·教辅常见,idiom-l2-0300,成语-写景,L2
idiom,L2,,微小的变动（四字）,风吹草动,成语;写景;课内拓展,小学成语培优全书·教辅常见,idiom-l2-0301,成语-写景,L2
idiom,L2,,晴朗暖和的天气（四字）,风和日丽,成语;写景;课内拓展,小学成语培优全书·教辅常见,idiom-l2-0302,成语-写景,L2
idiom,L2,,惊慌失措，或自相惊忧（四字）,风声鹤唳,成语;写景;课内拓展,小学成语培优全书·教辅常见,idiom-l2-0303,成语-写景,L2
idiom,L2,,没有风浪（四字）,风平浪静,成语;写景;课内拓展,小学成语培优全书·教辅常见,idiom-l2-0304,成语-写景,L2
idiom,L2,,描写景物的成语（四字）,风景如画,成语;写景;课内拓展,小学成语培优全书·教辅常见,idiom-l2-0305,成语-写景,L2
idiom,L2,,对一个时代有很大影响的人物（四字）,风流人物,成语;写景;课内拓展,小学成语培优全书·教辅常见,idiom-l2-0306,成语-写景,L2
idiom,L2,,风雨适合农时（四字）,风调雨顺,成语;写景;课内拓展,小学成语培优全书·教辅常见,idiom-l2-0307,成语-写景,L2
idiom,L2,,新事物相继兴起，声势很盛（四字）,风起云涌,成语;写景;课内拓展,小学成语培优全书·教辅常见,idiom-l2-0308,成语-写景,L2
idiom,L2,,共同经历患难（四字）,风雨同舟,成语;写景;课内拓展,小学成语培优全书·教辅常见,idiom-l2-0309,成语-写景,L2
idiom,L2,,旅途或野外工作的辛苦（四字）,风餐露宿,成语;写景;课内拓展,小学成语培优全书·教辅常见,idiom-l2-0310,成语-写景,L2
idiom,L2,,非常迅速，象风吹电闪一样（四字）,风驰电掣,成语;写景;课内拓展,小学成语培优全书·教辅常见,idiom-l2-0311,成语-写景,L2
idiom,L2,,描写景物的成语（四字）,饶有风趣,成语;写景;课内拓展,小学成语培优全书·教辅常见,idiom-l2-0312,成语-写景,L2
idiom,L2,,春天的美好景象（四字）,鸟语花香,成语;写景;课内拓展,小学成语培优全书·教辅常见,idiom-l2-0313,成语-写景,L2
idiom,L2,,天黑上灯的时候（四字）,万家灯火,成语;场面;课内拓展,小学成语培优全书·教辅常见,idiom-l2-0314,成语-场面,L2
idiom,L2,,人聚集得非常多（四字）,人山人海,成语;场面;课内拓展,小学成语培优全书·教辅常见,idiom-l2-0315,成语-场面,L2
idiom,L2,,出席的人很多（四字）,座无虚席,成语;场面;课内拓展,小学成语培优全书·教辅常见,idiom-l2-0316,成语-场面,L2
idiom,L2,,人多拥挤（四字）,摩肩接踵,成语;场面;课内拓展,小学成语培优全书·教辅常见,idiom-l2-0317,成语-场面,L2
idiom,L2,,夜晚灯光明亮的繁华景象（四字）,灯火辉煌,成语;场面;课内拓展,小学成语培优全书·教辅常见,idiom-l2-0318,成语-场面,L2
idiom,L2,,描写场面的成语（四字）,灯火通明,成语;场面;课内拓展,小学成语培优全书·教辅常见,idiom-l2-0319,成语-场面,L2
idiom,L2,,描写场面的成语（四字）,灯火阑珊,成语;场面;课内拓展,小学成语培优全书·教辅常见,idiom-l2-0320,成语-场面,L2
idiom,L2,,描写场面的成语（四字）,热闹异常,成语;场面;课内拓展,小学成语培优全书·教辅常见,idiom-l2-0321,成语-场面,L2
idiom,L2,,描写场面的成语（四字）,热闹非凡,成语;场面;课内拓展,小学成语培优全书·教辅常见,idiom-l2-0322,成语-场面,L2
idiom,L2,,来往车马很多，连续不断的热闹情景（四字）,车水马龙,成语;场面;课内拓展,小学成语培优全书·教辅常见,idiom-l2-0323,成语-场面,L2
idiom,L2,,进谏的人很多（四字）,门庭若市,成语;场面;课内拓展,小学成语培优全书·教辅常见,idiom-l2-0324,成语-场面,L2
idiom,L2,,人容貌难看（四字）,其貌不扬,成语;外貌;课内拓展,小学成语培优全书·教辅常见,idiom-l2-0325,成语-外貌,L2
idiom,L2,,身体好，精神饱满（四字）,容光焕发,成语;外貌;课内拓展,小学成语培优全书·教辅常见,idiom-l2-0326,成语-外貌,L2
idiom,L2,,心事重重的样子（四字）,愁眉不展,成语;外貌;课内拓展,小学成语培优全书·教辅常见,idiom-l2-0327,成语-外貌,L2
idiom,L2,,愁苦的神色（四字）,愁眉苦脸,成语;外貌;课内拓展,小学成语培优全书·教辅常见,idiom-l2-0328,成语-外貌,L2
idiom,L2,,摆脱了长期受压状态后高兴痛快的样子（四字）,扬眉吐气,成语;外貌;课内拓展,小学成语培优全书·教辅常见,idiom-l2-0329,成语-外貌,L2
idiom,L2,,事情非常急迫（四字）,燃眉之急,成语;外貌;课内拓展,小学成语培优全书·教辅常见,idiom-l2-0330,成语-外貌,L2
idiom,L2,,高兴愉快的样子（四字）,眉开眼笑,成语;外貌;课内拓展,小学成语培优全书·教辅常见,idiom-l2-0331,成语-外貌,L2
idiom,L2,,人得意兴奋的样子（四字）,眉飞色舞,成语;外貌;课内拓展,小学成语培优全书·教辅常见,idiom-l2-0332,成语-外貌,L2
idiom,L2,,神态严肃，一本正经的样子（四字）,道貌岸然,成语;外貌;课内拓展,小学成语培优全书·教辅常见,idiom-l2-0333,成语-外貌,L2
idiom,L2,,用以怀念故人的声音容貌和神情（四字）,音容笑貌,成语;外貌;课内拓展,小学成语培优全书·教辅常见,idiom-l2-0334,成语-外貌,L2
idiom,L3,,和善可亲（四字）,和颜悦色,成语;神态;小升初高频,小学成语培优全书·教辅常见,idiom-l3-0335,成语-神态,L3
idiom,L3,,因失败或不顺利而情绪低落、萎蘼不振的样子（四字）,垂头丧气,成语;神态;小升初高频,小学成语培优全书·教辅常见,idiom-l3-0336,成语-神态,L3
idiom,L3,,愤怒得头发直竖，顶着帽子（四字）,怒发冲冠,成语;神态;小升初高频,小学成语培优全书·教辅常见,idiom-l3-0337,成语-神态,L3
idiom,L3,,东西多，眼睛都看不过来（四字）,目不暇接,成语;神态;小升初高频,小学成语培优全书·教辅常见,idiom-l3-0338,成语-神态,L3
idiom,L3,,一个字也不认得（四字）,目不识丁,成语;神态;小升初高频,小学成语培优全书·教辅常见,idiom-l3-0339,成语-神态,L3
idiom,L3,,注意力集中（四字）,目不转睛,成语;神态;小升初高频,小学成语培优全书·教辅常见,idiom-l3-0340,成语-神态,L3
idiom,L3,,因吃惊或害怕而发愣的样子（四字）,目瞪口呆,成语;神态;小升初高频,小学成语培优全书·教辅常见,idiom-l3-0341,成语-神态,L3
idiom,L3,,兴奋得意，精神焕发的样子（四字）,神采飞扬,成语;神态;小升初高频,小学成语培优全书·教辅常见,idiom-l3-0342,成语-神态,L3
idiom,L3,,骄傲自满，得意忘形的样子（四字）,趾高气扬,成语;神态;小升初高频,小学成语培优全书·教辅常见,idiom-l3-0343,成语-神态,L3
idiom,L3,,记忆力非常强（四字）,过目不忘,成语;神态;小升初高频,小学成语培优全书·教辅常见,idiom-l3-0344,成语-神态,L3
idiom,L3,,志趣，后指兴致（四字）,兴高采烈,成语;心情;小升初高频,小学成语培优全书·教辅常见,idiom-l3-0345,成语-心情,L3
idiom,L3,,由于没有想到的好事而非常高兴（四字）,喜出望外,成语;心情;小升初高频,小学成语培优全书·教辅常见,idiom-l3-0346,成语-心情,L3
idiom,L3,,愿望实现（四字）,如愿以偿,成语;心情;小升初高频,小学成语培优全书·教辅常见,idiom-l3-0347,成语-心情,L3
idiom,L3,,心境开阔，精神愉快（四字）,心旷神怡,成语;心情;小升初高频,小学成语培优全书·教辅常见,idiom-l3-0348,成语-心情,L3
idiom,L3,,心神极为不安（四字）,忐忑不安,成语;心情;小升初高频,小学成语培优全书·教辅常见,idiom-l3-0349,成语-心情,L3
idiom,L3,,十分担心或害怕（四字）,提心吊胆,成语;心情;小升初高频,小学成语培优全书·教辅常见,idiom-l3-0350,成语-心情,L3
idiom,L3,,非常高兴（四字）,欢天喜地,成语;心情;小升初高频,小学成语培优全书·教辅常见,idiom-l3-0351,成语-心情,L3
idiom,L3,,因失败或不顺利而失去信心，意志消沉（四字）,灰心丧气,成语;心情;小升初高频,小学成语培优全书·教辅常见,idiom-l3-0352,成语-心情,L3
idiom,L2,,作战时策马冲锋在前（四字）,一马当先,成语;动物;课内拓展,小学成语培优全书·教辅常见,idiom-l2-0353,成语-动物,L2
idiom,L2,,含有动物的成语（四字）,不入虎穴,成语;动物;课内拓展,小学成语培优全书·教辅常见,idiom-l2-0354,成语-动物,L2
idiom,L2,,充当恶人的帮凶（四字）,为虎作伥,成语;动物;课内拓展,小学成语培优全书·教辅常见,idiom-l2-0355,成语-动物,L2
idiom,L2,,含有动物的成语（四字）,九牛二虎,成语;动物;课内拓展,小学成语培优全书·教辅常见,idiom-l2-0356,成语-动物,L2
idiom,L2,,珍贵而稀少的人或物（四字）,凤毛麟角,成语;动物;课内拓展,小学成语培优全书·教辅常见,idiom-l2-0357,成语-动物,L2
idiom,L2,,雄壮的队伍或浩大的声势（四字）,千军万马,成语;动物;课内拓展,小学成语培优全书·教辅常见,idiom-l2-0358,成语-动物,L2
idiom,L2,,打仗时一个人上阵（四字）,单枪匹马,成语;动物;课内拓展,小学成语培优全书·教辅常见,idiom-l2-0359,成语-动物,L2
idiom,L2,,因恐惧或惊异而发愣的样子（四字）,呆若木鸡,成语;动物;课内拓展,小学成语培优全书·教辅常见,idiom-l2-0360,成语-动物,L2
idiom,L2,,名声败坏到了极点（四字）,声名狼藉,成语;动物;课内拓展,小学成语培优全书·教辅常见,idiom-l2-0361,成语-动物,L2
idiom,L2,,把坏人或敌人引入内部（四字）,引狼入室,成语;动物;课内拓展,小学成语培优全书·教辅常见,idiom-l2-0362,成语-动物,L2
idiom,L2,,快上加快，加速前进（四字）,快马加鞭,成语;动物;课内拓展,小学成语培优全书·教辅常见,idiom-l2-0363,成语-动物,L2
idiom,L2,,到了危险的边缘及时清醒回头（四字）,悬崖勒马,成语;动物;课内拓展,小学成语培优全书·教辅常见,idiom-l2-0364,成语-动物,L2
idiom,L2,,惩罚了甲而使乙有所警觉◇多比喻做法不谨慎，反使对（四字）,打草惊蛇,成语;动物;课内拓展,小学成语培优全书·教辅常见,idiom-l2-0365,成语-动物,L2
idiom,L2,,组织或扩充武装力量◇比喻组织或扩充人力（四字）,招兵买马,成语;动物;课内拓展,小学成语培优全书·教辅常见,idiom-l2-0366,成语-动物,L2
idiom,L2,,巴结投靠有权势的人以获取富贵（四字）,攀龙附凤,成语;动物;课内拓展,小学成语培优全书·教辅常见,idiom-l2-0367,成语-动物,L2
idiom,L2,,贪图眼前的好处而不顾长远利益（四字）,杀鸡取卵,成语;动物;课内拓展,小学成语培优全书·教辅常见,idiom-l2-0368,成语-动物,L2
idiom,L2,,山脉的走势和去向（四字）,来龙去脉,成语;动物;课内拓展,小学成语培优全书·教辅常见,idiom-l2-0369,成语-动物,L2
idiom,L2,,含有动物的成语（四字）,沈鱼落雁,成语;动物;课内拓展,小学成语培优全书·教辅常见,idiom-l2-0370,成语-动物,L2
idiom,L2,,女子容貌美丽（四字）,沉鱼落雁,成语;动物;课内拓展,小学成语培优全书·教辅常见,idiom-l2-0371,成语-动物,L2
idiom,L2,,封官太滥（四字）,狗尾续貂,成语;动物;课内拓展,小学成语培优全书·教辅常见,idiom-l2-0372,成语-动物,L2
idiom,L2,,坏人在走投无路时豁出去，不顾一切地捣乱（四字）,狗急跳墙,成语;动物;课内拓展,小学成语培优全书·教辅常见,idiom-l2-0373,成语-动物,L2
idiom,L2,,心肠象狼和狗一样凶恶狠毒（四字）,狼心狗肺,成语;动物;课内拓展,小学成语培优全书·教辅常见,idiom-l2-0374,成语-动物,L2
idiom,L2,,非常窘迫的样子（四字）,狼狈不堪,成语;动物;课内拓展,小学成语培优全书·教辅常见,idiom-l2-0375,成语-动物,L2
idiom,L2,,互相勾结干坏事（四字）,狼狈为奸,成语;动物;课内拓展,小学成语培优全书·教辅常见,idiom-l2-0376,成语-动物,L2
idiom,L2,,活泼矫健，富有生气（四字）,生龙活虎,成语;动物;课内拓展,小学成语培优全书·教辅常见,idiom-l2-0377,成语-动物,L2
idiom,L2,,能力差的人怕落后，做事比别人先动手（四字）,笨鸟先飞,成语;动物;课内拓展,小学成语培优全书·教辅常见,idiom-l2-0378,成语-动物,L2
idiom,L2,,受困而不自由的人，也比喻易于擒拿的敌人（四字）,笼中之鸟,成语;动物;课内拓展,小学成语培优全书·教辅常见,idiom-l2-0379,成语-动物,L2
idiom,L2,,方向或办法不对头，不可能达到目的（四字）,缘木求鱼,成语;动物;课内拓展,小学成语培优全书·教辅常见,idiom-l2-0380,成语-动物,L2
idiom,L2,,年老体衰，行动不灵便（四字）,老态龙钟,成语;动物;课内拓展,小学成语培优全书·教辅常见,idiom-l2-0381,成语-动物,L2
idiom,L2,,有经验的人对事情比较熟悉（四字）,老马识途,成语;动物;课内拓展,小学成语培优全书·教辅常见,idiom-l2-0382,成语-动物,L2
idiom,L2,,淹死于水中（四字）,葬身鱼腹,成语;动物;课内拓展,小学成语培优全书·教辅常见,idiom-l2-0383,成语-动物,L2
idiom,L2,,开始时声势很大，到后来劲头很小，有始无终（四字）,虎头蛇尾,成语;动物;课内拓展,小学成语培优全书·教辅常见,idiom-l2-0384,成语-动物,L2
idiom,L2,,人身体魁梧健壮（四字）,虎背熊腰,成语;动物;课内拓展,小学成语培优全书·教辅常见,idiom-l2-0385,成语-动物,L2
idiom,L2,,心肠狠毒（四字）,蛇蝎心肠,成语;动物;课内拓展,小学成语培优全书·教辅常见,idiom-l2-0386,成语-动物,L2
idiom,L2,,事情所留下的隐约可寻的痕纪线索（四字）,蛛丝马迹,成语;动物;课内拓展,小学成语培优全书·教辅常见,idiom-l2-0387,成语-动物,L2
idiom,L2,,很多人乱哄哄地朝一个地方聚拢（四字）,蜂拥而至,成语;动物;课内拓展,小学成语培优全书·教辅常见,idiom-l2-0388,成语-动物,L2
idiom,L2,,含有动物的成语（四字）,螳螂捕蝉,成语;动物;课内拓展,小学成语培优全书·教辅常见,idiom-l2-0389,成语-动物,L2
idiom,L2,,用计脱身，使人不能及时发觉（四字）,金蝉脱壳,成语;动物;课内拓展,小学成语培优全书·教辅常见,idiom-l2-0390,成语-动物,L2
idiom,L2,,有志报国的人及时奋起（四字）,闻鸡起舞,成语;动物;课内拓展,小学成语培优全书·教辅常见,idiom-l2-0391,成语-动物,L2
idiom,L2,,不停顿地向前走（四字）,马不停蹄,成语;动物;课内拓展,小学成语培优全书·教辅常见,idiom-l2-0392,成语-动物,L2
idiom,L2,,工作刚开始就取得成功（四字）,马到成功,成语;动物;课内拓展,小学成语培优全书·教辅常见,idiom-l2-0393,成语-动物,L2
idiom,L2,,英勇牺牲在战场（四字）,马革裹尸,成语;动物;课内拓展,小学成语培优全书·教辅常见,idiom-l2-0394,成语-动物,L2
idiom,L2,,用假的冒充真的（四字）,鱼目混珠,成语;动物;课内拓展,小学成语培优全书·教辅常见,idiom-l2-0395,成语-动物,L2
idiom,L2,,无关紧要的琐碎事情（四字）,鸡毛蒜皮,成语;动物;课内拓展,小学成语培优全书·教辅常见,idiom-l2-0396,成语-动物,L2
idiom,L2,,骚扰得厉害，连鸡狗都不得安宁（四字）,鸡犬不宁,成语;动物;课内拓展,小学成语培优全书·教辅常见,idiom-l2-0397,成语-动物,L2
idiom,L2,,事物零碎细小，不成系统（四字）,鸡零狗碎,成语;动物;课内拓展,小学成语培优全书·教辅常见,idiom-l2-0398,成语-动物,L2
idiom,L2,,惊慌得乱成一团（四字）,鸡飞狗跳,成语;动物;课内拓展,小学成语培优全书·教辅常见,idiom-l2-0399,成语-动物,L2
idiom,L3,,两头落空，一无所得（四字）,鸡飞蛋打,成语;动物;小升初高频,小学成语培优全书·教辅常见,idiom-l3-0400,成语-动物,L3
idiom,L3,,一个人的仪表或才能在周围一群人里显得很突出（四字）,鹤立鸡群,成语;动物;小升初高频,小学成语培优全书·教辅常见,idiom-l3-0401,成语-动物,L3
idiom,L3,,目光短浅，没有远见（四字）,鼠目寸光,成语;动物;小升初高频,小学成语培优全书·教辅常见,idiom-l3-0402,成语-动物,L3
idiom,L3,,斗争或竞赛很激烈（四字）,龙争虎斗,成语;动物;小升初高频,小学成语培优全书·教辅常见,idiom-l3-0403,成语-动物,L3
idiom,L3,,跑跳时动作矫健有力（四字）,龙腾虎跃,成语;动物;小升初高频,小学成语培优全书·教辅常见,idiom-l3-0404,成语-动物,L3
idiom,L3,,人精神旺盛（四字）,龙马精神,成语;动物;小升初高频,小学成语培优全书·教辅常见,idiom-l3-0405,成语-动物,L3
idiom,L2,,神妙的境域（四字）,出神入化,成语;艺术;课内拓展,小学成语培优全书·教辅常见,idiom-l2-0406,成语-艺术,L2
idiom,L2,,功夫达到了纯熟完美的境界（四字）,炉火纯青,成语;艺术;课内拓展,小学成语培优全书·教辅常见,idiom-l2-0407,成语-艺术,L2
idiom,L3,,真心诚意，一再邀请（四字）,三顾茅庐,成语;历史;小升初高频,小学成语培优全书·教辅常见,idiom-l3-0408,成语-历史,L3
idiom,L3,,人刻苦自励，发奋图强（四字）,卧薪尝胆,成语;历史;小升初高频,小学成语培优全书·教辅常见,idiom-l3-0409,成语-历史,L3
idiom,L3,,陷入四面受敌、孤立无援的境地（四字）,四面楚歌,成语;历史;小升初高频,小学成语培优全书·教辅常见,idiom-l3-0410,成语-历史,L3
idiom,L3,,蔺相如将和氏璧完好地自秦送回赵国◇比喻把原物完好（四字）,完璧归赵,成语;历史;小升初高频,小学成语培优全书·教辅常见,idiom-l3-0411,成语-历史,L3
idiom,L3,,着鹿，说是马（四字）,指鹿为马,成语;历史;小升初高频,小学成语培优全书·教辅常见,idiom-l3-0412,成语-历史,L3
idiom,L3,,自告奋勇，自己推荐自己担任某项工作（四字）,毛遂自荐,成语;历史;小升初高频,小学成语培优全书·教辅常见,idiom-l3-0413,成语-历史,L3
idiom,L3,,下决心不顾一切地干到底（四字）,破釜沉舟,成语;历史;小升初高频,小学成语培优全书·教辅常见,idiom-l3-0414,成语-历史,L3
idiom,L3,,订立法律与人民相约遵守◇泛指订立简单的条款（四字）,约法三章,成语;历史;小升初高频,小学成语培优全书·教辅常见,idiom-l3-0415,成语-历史,L3
idiom,L3,,空谈理论，不能解决实际问题（四字）,纸上谈兵,成语;历史;小升初高频,小学成语培优全书·教辅常见,idiom-l3-0416,成语-历史,L3
idiom,L3,,背着荆条向对方请罪（四字）,负荆请罪,成语;历史;小升初高频,小学成语培优全书·教辅常见,idiom-l3-0417,成语-历史,L3
idiom,L3,,文学作品叙述描写真实生动（四字）,跃然纸上,成语;历史;小升初高频,小学成语培优全书·教辅常见,idiom-l3-0418,成语-历史,L3
idiom,L3,,春天的景物鲜明可爱（四字）,春光明媚,成语;春天;小升初高频,小学成语培优全书·教辅常见,idiom-l3-0419,成语-春天,L3
idiom,L3,,春天的意味正浓（四字）,春意盎然,成语;春天;小升初高频,小学成语培优全书·教辅常见,idiom-l3-0420,成语-春天,L3
idiom,L3,,游览、观赏的大好时机（四字）,春暖花开,成语;春天;小升初高频,小学成语培优全书·教辅常见,idiom-l3-0421,成语-春天,L3
idiom,L3,,欣欣向荣的景象（四字）,春色满园,成语;春天;小升初高频,小学成语培优全书·教辅常见,idiom-l3-0422,成语-春天,L3
idiom,L3,,考中进士后的兴奋心情◇形容职位升迁顺利（四字）,春风得意,成语;春天;小升初高频,小学成语培优全书·教辅常见,idiom-l3-0423,成语-春天,L3
idiom,L3,,描写春天的成语（四字）,杏花春雨,成语;春天;小升初高频,小学成语培优全书·教辅常见,idiom-l3-0424,成语-春天,L3
idiom,L3,,花木繁盛、色彩鲜艳的春景（四字）,桃红柳绿,成语;春天;小升初高频,小学成语培优全书·教辅常见,idiom-l3-0425,成语-春天,L3
idiom,L3,,欣欣向荣的景象（四字）,满园春色,成语;春天;小升初高频,小学成语培优全书·教辅常见,idiom-l3-0426,成语-春天,L3
idiom,L3,,描写春天的成语（四字）,满面春风,成语;春天;小升初高频,小学成语培优全书·教辅常见,idiom-l3-0427,成语-春天,L3
idiom,L3,,明媚的春天景象（四字）,花红柳绿,成语;春天;小升初高频,小学成语培优全书·教辅常见,idiom-l3-0428,成语-春天,L3
idiom,L3,,江南暮春的景色（四字）,草长莺飞,成语;春天;小升初高频,小学成语培优全书·教辅常见,idiom-l3-0429,成语-春天,L3
idiom,L3,,春天下雨后，竹笋一下子就长出来很多（四字）,雨后春笋,成语;春天;小升初高频,小学成语培优全书·教辅常见,idiom-l3-0430,成语-春天,L3
idiom,L3,,世世代代，时间久长（四字）,千秋万代,成语;秋天;小升初高频,小学成语培优全书·教辅常见,idiom-l3-0431,成语-秋天,L3
idiom,L3,,双方各得一半，不分上下（四字）,平分秋色,成语;秋天;小升初高频,小学成语培优全书·教辅常见,idiom-l3-0432,成语-秋天,L3
idiom,L3,,人目光敏锐，任何细小的事物都能看得很清楚◇多形容（四字）,明察秋毫,成语;秋天;小升初高频,小学成语培优全书·教辅常见,idiom-l3-0433,成语-秋天,L3
idiom,L3,,极细微的东西（四字）,秋毫无犯,成语;秋天;小升初高频,小学成语培优全书·教辅常见,idiom-l3-0434,成语-秋天,L3
idiom,L3,,描写秋天的成语（四字）,秋色宜人,成语;秋天;小升初高频,小学成语培优全书·教辅常见,idiom-l3-0435,成语-秋天,L3
idiom,L3,,描写秋天的成语（四字）,落叶纷飞,成语;秋天;小升初高频,小学成语培优全书·教辅常见,idiom-l3-0436,成语-秋天,L3
idiom,L3,,学习或工作一时勤奋，一时又懒散，没有恒心（四字）,一曝十寒,成语;冬天;小升初高频,小学成语培优全书·教辅常见,idiom-l3-0437,成语-冬天,L3
idiom,L3,,非常恐惧（四字）,不寒而栗,成语;冬天;小升初高频,小学成语培优全书·教辅常见,idiom-l3-0438,成语-冬天,L3
idiom,L3,,不畏霜雪严寒，外界条件越艰苦越有精神（四字）,傲雪凌霜,成语;冬天;小升初高频,小学成语培优全书·教辅常见,idiom-l3-0439,成语-冬天,L3
idiom,L3,,冰雪漫天盖地（四字）,冰天雪地,成语;冬天;小升初高频,小学成语培优全书·教辅常见,idiom-l3-0440,成语-冬天,L3
idiom,L3,,利害密要相关（四字）,唇亡齿寒,成语;冬天;小升初高频,小学成语培优全书·教辅常见,idiom-l3-0441,成语-冬天,L3
idiom,L3,,刻苦攻读（四字）,囊萤映雪,成语;冬天;小升初高频,小学成语培优全书·教辅常见,idiom-l3-0442,成语-冬天,L3
idiom,L3,,描写冬天的成语（四字）,大雪纷飞,成语;冬天;小升初高频,小学成语培优全书·教辅常见,idiom-l3-0443,成语-冬天,L3
idiom,L3,,天气极为寒冷（四字）,天寒地冻,成语;冬天;小升初高频,小学成语培优全书·教辅常见,idiom-l3-0444,成语-冬天,L3
idiom,L3,,描写冬天的成语（四字）,寒气袭人,成语;冬天;小升初高频,小学成语培优全书·教辅常见,idiom-l3-0445,成语-冬天,L3
idiom,L3,,描写冬天的成语（四字）,寒气逼人,成语;冬天;小升初高频,小学成语培优全书·教辅常见,idiom-l3-0446,成语-冬天,L3
idiom,L3,,描写冬天的成语（四字）,寒风刺骨,成语;冬天;小升初高频,小学成语培优全书·教辅常见,idiom-l3-0447,成语-冬天,L3
idiom,L3,,天气十分寒冷（四字）,滴水成冰,成语;冬天;小升初高频,小学成语培优全书·教辅常见,idiom-l3-0448,成语-冬天,L3
idiom,L3,,学生恭敬受教（四字）,程门立雪,成语;冬天;小升初高频,小学成语培优全书·教辅常见,idiom-l3-0449,成语-冬天,L3
idiom,L3,,在别人急需时给以物质上或精神上的帮助（四字）,雪中送炭,成语;冬天;小升初高频,小学成语培优全书·教辅常见,idiom-l3-0450,成语-冬天,L3
idiom,L3,,冬天大雪是来年丰收的预兆（四字）,雪兆丰年,成语;冬天;小升初高频,小学成语培优全书·教辅常见,idiom-l3-0451,成语-冬天,L3
idiom,L3,,旧时诗文里经常描写的自然景物◇比喻堆砌词藻、内容（四字）,风花雪月,成语;冬天;小升初高频,小学成语培优全书·教辅常见,idiom-l3-0452,成语-冬天,L3
idiom,L3,,生活极端贫困（四字）,饥寒交迫,成语;冬天;小升初高频,小学成语培优全书·教辅常见,idiom-l3-0453,成语-冬天,L3
idiom,L3,,艰难困苦（四字）,饱经风霜,成语;冬天;小升初高频,小学成语培优全书·教辅常见,idiom-l3-0454,成语-冬天,L3
idiom,L3,,雪下得大而猛（四字）,鹅毛大雪,成语;冬天;小升初高频,小学成语培优全书·教辅常见,idiom-l3-0455,成语-冬天,L3
idiom,L3,,天热出汗多（四字）,挥汗如雨,成语;夏天;小升初高频,小学成语培优全书·教辅常见,idiom-l3-0456,成语-夏天,L3
idiom,L3,,描写夏天的成语（四字）,暑气逼人,成语;夏天;小升初高频,小学成语培优全书·教辅常见,idiom-l3-0457,成语-夏天,L3
idiom,L3,,非常恐惧或非肠怕（四字）,汗流浃背,成语;夏天;小升初高频,小学成语培优全书·教辅常见,idiom-l3-0458,成语-夏天,L3
idiom,L3,,征战劳苦（四字）,汗马功劳,成语;夏天;小升初高频,小学成语培优全书·教辅常见,idiom-l3-0459,成语-夏天,L3
idiom,L3,,描写夏天的成语（四字）,骄阳似火,成语;夏天;小升初高频,小学成语培优全书·教辅常见,idiom-l3-0460,成语-夏天,L3
idiom,L3,,充分利用时间（四字）,争分夺秒,成语;时间;小升初高频,小学成语培优全书·教辅常见,idiom-l3-0461,成语-时间,L3
idiom,L3,,时间过得极快（四字）,光阴似箭,成语;时间;小升初高频,小学成语培优全书·教辅常见,idiom-l3-0462,成语-时间,L3
idiom,L3,,时间渐渐地过去了（四字）,光阴荏苒,成语;时间;小升初高频,小学成语培优全书·教辅常见,idiom-l3-0463,成语-时间,L3
idiom,L3,,加紧工作或学习（四字）,夜以继日,成语;时间;小升初高频,小学成语培优全书·教辅常见,idiom-l3-0464,成语-时间,L3
idiom,L3,,行事不要放过时机（四字）,时不再来,成语;时间;小升初高频,小学成语培优全书·教辅常见,idiom-l3-0465,成语-时间,L3
idiom,L3,,要抓紧时间（四字）,时不我待,成语;时间;小升初高频,小学成语培优全书·教辅常见,idiom-l3-0466,成语-时间,L3
idiom,L3,,与时间有关的成语（四字）,机不可失,成语;时间;小升初高频,小学成语培优全书·教辅常见,idiom-l3-0467,成语-时间,L3
idiom,L3,,与时间有关的成语（四字）,白驹过隙,成语;时间;小升初高频,小学成语培优全书·教辅常见,idiom-l3-0468,成语-时间,L3
idiom,L3,,时间或机会等很容易过去（四字）,稍纵即逝,成语;时间;小升初高频,小学成语培优全书·教辅常见,idiom-l3-0469,成语-时间,L3
idiom,L3,,与时间有关的成语（四字）,虚度光阴,成语;时间;小升初高频,小学成语培优全书·教辅常见,idiom-l3-0470,成语-时间,L3
idiom,L3,,整整一夜，从天黑到天亮（四字）,通宵达旦,成语;时间;小升初高频,小学成语培优全书·教辅常见,idiom-l3-0471,成语-时间,L3
idiom,L3,,彼此同是丑类，没有什么差别（四字）,一丘之貉,成语;数字;小升初高频,小学成语培优全书·教辅常见,idiom-l3-0472,成语-数字,L3
idiom,L3,,做事认真细致，一点儿不马虎（四字）,一丝不苟,成语;数字;小升初高频,小学成语培优全书·教辅常见,idiom-l3-0473,成语-数字,L3
idiom,L3,,含有数字的成语（四字）,一举两得,成语;数字;小升初高频,小学成语培优全书·教辅常见,idiom-l3-0474,成语-数字,L3
idiom,L3,,把一件主要的事情了结以后，其余有关的事情也跟着了（四字）,一了百了,成语;数字;小升初高频,小学成语培优全书·教辅常见,idiom-l3-0475,成语-数字,L3
idiom,L3,,什么事情都做不成（四字）,一事无成,成语;数字;小升初高频,小学成语培优全书·教辅常见,idiom-l3-0476,成语-数字,L3
idiom,L3,,坚决断绝关系（四字）,一刀两断,成语;数字;小升初高频,小学成语培优全书·教辅常见,idiom-l3-0477,成语-数字,L3
idiom,L3,,时间非常宝贵（四字）,一刻千金,成语;数字;小升初高频,小学成语培优全书·教辅常见,idiom-l3-0478,成语-数字,L3
idiom,L3,,辛苦一次，把事情办好，以后就可以不再费力了（四字）,一劳永逸,成语;数字;小升初高频,小学成语培优全书·教辅常见,idiom-l3-0479,成语-数字,L3
idiom,L3,,含有数字的成语（四字）,一呼百应,成语;数字;小升初高频,小学成语培优全书·教辅常见,idiom-l3-0480,成语-数字,L3
idiom,L3,,含有数字的成语（四字）,一命呜呼,成语;数字;小升初高频,小学成语培优全书·教辅常见,idiom-l3-0481,成语-数字,L3
idiom,L3,,聚在一起的人一下子吵吵嚷嚷地走散了（四字）,一哄而散,成语;数字;小升初高频,小学成语培优全书·教辅常见,idiom-l3-0482,成语-数字,L3
idiom,L3,,态度和霭可亲（四字）,一团和气,成语;数字;小升初高频,小学成语培优全书·教辅常见,idiom-l3-0483,成语-数字,L3
idiom,L3,,混乱或败坏到了不可收拾的程度（四字）,一塌糊涂,成语;数字;小升初高频,小学成语培优全书·教辅常见,idiom-l3-0484,成语-数字,L3
idiom,L3,,态度没有变化，完全象从前一样（四字）,一如既往,成语;数字;小升初高频,小学成语培优全书·教辅常见,idiom-l3-0485,成语-数字,L3
idiom,L3,,佛教徒修行时，排除物欲，保持心地洁净（四字）,一尘不染,成语;数字;小升初高频,小学成语培优全书·教辅常见,idiom-l3-0486,成语-数字,L3
idiom,L3,,十分彻底，一点儿也不剩（四字）,一干二净,成语;数字;小升初高频,小学成语培优全书·教辅常见,idiom-l3-0487,成语-数字,L3
idiom,L3,,一切齐全，应有尽有（四字）,一应俱全,成语;数字;小升初高频,小学成语培优全书·教辅常见,idiom-l3-0488,成语-数字,L3
idiom,L3,,勇猛无畏地前进（四字）,一往无前,成语;数字;小升初高频,小学成语培优全书·教辅常见,idiom-l3-0489,成语-数字,L3
idiom,L3,,含有数字的成语（四字）,一心一意,成语;数字;小升初高频,小学成语培优全书·教辅常见,idiom-l3-0490,成语-数字,L3
idiom,L3,,含有数字的成语（四字）,一心报国,成语;数字;小升初高频,小学成语培优全书·教辅常见,idiom-l3-0491,成语-数字,L3
idiom,L3,,不接受别人的劝告，顽固地按照自己的主观想法去做（四字）,一意孤行,成语;数字;小升初高频,小学成语培优全书·教辅常见,idiom-l3-0492,成语-数字,L3
idiom,L3,,有某种技能或特长（四字）,一技之长,成语;数字;小升初高频,小学成语培优全书·教辅常见,idiom-l3-0493,成语-数字,L3
idiom,L3,,困情意相投或有利害关系，一下子就说到一起或结合在（四字）,一拍即合,成语;数字;小升初高频,小学成语培优全书·教辅常见,idiom-l3-0494,成语-数字,L3
idiom,L3,,周围的人同时向一个目标猛挤过去（四字）,一拥而上,成语;数字;小升初高频,小学成语培优全书·教辅常见,idiom-l3-0495,成语-数字,L3
idiom,L3,,写字、写文章、画画快（四字）,一挥而就,成语;数字;小升初高频,小学成语培优全书·教辅常见,idiom-l3-0496,成语-数字,L3
idiom,L3,,用钱满不在乎，一花就是一大笔（四字）,一掷千金,成语;数字;小升初高频,小学成语培优全书·教辅常见,idiom-l3-0497,成语-数字,L3
idiom,L3,,钱财，也指成绩、知识（四字）,一无所有,成语;数字;小升初高频,小学成语培优全书·教辅常见,idiom-l3-0498,成语-数字,L3
idiom,L3,,含有数字的成语（四字）,一无所知,成语;数字;小升初高频,小学成语培优全书·教辅常见,idiom-l3-0499,成语-数字,L3
idiom,L3,,没有一点儿对的或好的地方（四字）,一无是处,成语;数字;小升初高频,小学成语培优全书·教辅常见,idiom-l3-0500,成语-数字,L3
idiom,L3,,马跑得很快◇比喻进展极快（四字）,一日千里,成语;数字;小升初高频,小学成语培优全书·教辅常见,idiom-l3-0501,成语-数字,L3
idiom,L3,,含有数字的成语（四字）,一望无垠,成语;数字;小升初高频,小学成语培优全书·教辅常见,idiom-l3-0502,成语-数字,L3
idiom,L3,,非常辽阔（四字）,一望无际,成语;数字;小升初高频,小学成语培优全书·教辅常见,idiom-l3-0503,成语-数字,L3
idiom,L3,,很短的时间（四字）,一朝一夕,成语;数字;小升初高频,小学成语培优全书·教辅常见,idiom-l3-0504,成语-数字,L3
idiom,L3,,一部合乎道德规范的经典◇用以形容态度庄重严肃，郑（四字）,一本正经,成语;数字;小升初高频,小学成语培优全书·教辅常见,idiom-l3-0505,成语-数字,L3
idiom,L3,,处理事情或问题不分性质，不加区别，用同一标准来对（四字）,一概而论,成语;数字;小升初高频,小学成语培优全书·教辅常见,idiom-l3-0506,成语-数字,L3
idiom,L3,,含有数字的成语（四字）,一模一样,成语;数字;小升初高频,小学成语培优全书·教辅常见,idiom-l3-0507,成语-数字,L3
idiom,L3,,一下子就达到很高的境界或程度（四字）,一步登天,成语;数字;小升初高频,小学成语培优全书·教辅常见,idiom-l3-0508,成语-数字,L3
idiom,L3,,杨朱的极端为我主义◇形容为人非常吝啬自私（四字）,一毛不拔,成语;数字;小升初高频,小学成语培优全书·教辅常见,idiom-l3-0509,成语-数字,L3
idiom,L3,,文章结构紧凑，文气连贯（四字）,一气呵成,成语;数字;小升初高频,小学成语培优全书·教辅常见,idiom-l3-0510,成语-数字,L3
idiom,L3,,江河奔流直下，流得又快又远（四字）,一泻千里,成语;数字;小升初高频,小学成语培优全书·教辅常见,idiom-l3-0511,成语-数字,L3
idiom,L3,,含有数字的成语（四字）,一清二楚,成语;数字;小升初高频,小学成语培优全书·教辅常见,idiom-l3-0512,成语-数字,L3
idiom,L3,,力量分散，没有组织起来（四字）,一盘散沙,成语;数字;小升初高频,小学成语培优全书·教辅常见,idiom-l3-0513,成语-数字,L3
idiom,L3,,一眼就看得很清楚（四字）,一目了然,成语;数字;小升初高频,小学成语培优全书·教辅常见,idiom-l3-0514,成语-数字,L3
idiom,L3,,看书非常快（四字）,一目十行,成语;数字;小升初高频,小学成语培优全书·教辅常见,idiom-l3-0515,成语-数字,L3
idiom,L3,,含有数字的成语（四字）,一知半解,成语;数字;小升初高频,小学成语培优全书·教辅常见,idiom-l3-0516,成语-数字,L3
idiom,L3,,物质基础差（四字）,一穷二白,成语;数字;小升初高频,小学成语培优全书·教辅常见,idiom-l3-0517,成语-数字,L3
idiom,L3,,含有数字的成语（四字）,一窍不通,成语;数字;小升初高频,小学成语培优全书·教辅常见,idiom-l3-0518,成语-数字,L3
idiom,L3,,一点计策也施展不出，一点办法也想不出来（四字）,一筹莫展,成语;数字;小升初高频,小学成语培优全书·教辅常见,idiom-l3-0519,成语-数字,L3
idiom,L3,,射箭技术高超，一箭射中两只雕◇比喻做一件事达到两（四字）,一箭双雕,成语;数字;小升初高频,小学成语培优全书·教辅常见,idiom-l3-0520,成语-数字,L3
idiom,L3,,含有数字的成语（四字）,一纸空文,成语;数字;小升初高频,小学成语培优全书·教辅常见,idiom-l3-0521,成语-数字,L3
idiom,L3,,一个不漏地全部抓住或彻底肃清（四字）,一网打尽,成语;数字;小升初高频,小学成语培优全书·教辅常见,idiom-l3-0522,成语-数字,L3
idiom,L3,,琴声陡然降落◇用来形容声誉、地位或经济状况急剧下（四字）,一落千丈,成语;数字;小升初高频,小学成语培优全书·教辅常见,idiom-l3-0523,成语-数字,L3
idiom,L3,,初次见面就象老朋友一样合得来（四字）,一见如故,成语;数字;小升初高频,小学成语培优全书·教辅常见,idiom-l3-0524,成语-数字,L3
idiom,L3,,男女之间一见面就产生爱情（四字）,一见钟情,成语;数字;小升初高频,小学成语培优全书·教辅常见,idiom-l3-0525,成语-数字,L3
idiom,L3,,圣人对百姓一样看待，同施仁爱◇多表示对人同样看待（四字）,一视同仁,成语;数字;小升初高频,小学成语培优全书·教辅常见,idiom-l3-0526,成语-数字,L3
idiom,L3,,把箭扣在弦上，拉开弓等着射出去（四字）,一触即发,成语;数字;小升初高频,小学成语培优全书·教辅常见,idiom-l3-0527,成语-数字,L3
idiom,L3,,说话算数，决不翻悔（四字）,一言为定,成语;数字;小升初高频,小学成语培优全书·教辅常见,idiom-l3-0528,成语-数字,L3
idiom,L3,,事情曲折复杂，不是一句话能说清楚的（用在不好的事（四字）,一言难尽,成语;数字;小升初高频,小学成语培优全书·教辅常见,idiom-l3-0529,成语-数字,L3
idiom,L3,,一句话就说穿了（四字）,一语道破,成语;数字;小升初高频,小学成语培优全书·教辅常见,idiom-l3-0530,成语-数字,L3
idiom,L3,,说话算数，极有信用（四字）,一诺千金,成语;数字;小升初高频,小学成语培优全书·教辅常见,idiom-l3-0531,成语-数字,L3
idiom,L3,,失败到了不可收拾的地步（四字）,一败涂地,成语;数字;小升初高频,小学成语培优全书·教辅常见,idiom-l3-0532,成语-数字,L3
idiom,L3,,遭受一次挫折以后就再也振作不起来（四字）,一蹶不振,成语;数字;小升初高频,小学成语培优全书·教辅常见,idiom-l3-0533,成语-数字,L3
idiom,L3,,说话直截了当，切中要害（四字）,一针见血,成语;数字;小升初高频,小学成语培优全书·教辅常见,idiom-l3-0534,成语-数字,L3
idiom,L3,,平时没有突出的表现，一下子做出惊人的成绩（四字）,一鸣惊人,成语;数字;小升初高频,小学成语培优全书·教辅常见,idiom-l3-0535,成语-数字,L3
idiom,L3,,趁劲头大的时候鼓起干劲，一口气把工作做完（四字）,一鼓作气,成语;数字;小升初高频,小学成语培优全书·教辅常见,idiom-l3-0536,成语-数字,L3
idiom,L3,,心里慌乱不安（四字）,七上八下,成语;数字;小升初高频,小学成语培优全书·教辅常见,idiom-l3-0537,成语-数字,L3
idiom,L3,,人多口杂（四字）,七嘴八舌,成语;数字;小升初高频,小学成语培优全书·教辅常见,idiom-l3-0538,成语-数字,L3
idiom,L3,,人多手杂，动作纷乱（四字）,七手八脚,成语;数字;小升初高频,小学成语培优全书·教辅常见,idiom-l3-0539,成语-数字,L3
idiom,L3,,把零碎的东西拼凑起来（四字）,七拼八凑,成语;数字;小升初高频,小学成语培优全书·教辅常见,idiom-l3-0540,成语-数字,L3
idiom,L3,,气愤到极点（四字）,七窍生烟,成语;数字;小升初高频,小学成语培优全书·教辅常见,idiom-l3-0541,成语-数字,L3
idiom,L3,,零散稀疏的样子（四字）,七零八落,成语;数字;小升初高频,小学成语培优全书·教辅常见,idiom-l3-0542,成语-数字,L3
idiom,L3,,家家户户的人都从巷里出来了（四字）,万人空巷,成语;数字;小升初高频,小学成语培优全书·教辅常见,idiom-l3-0543,成语-数字,L3
idiom,L3,,团结一致（四字）,万众一心,成语;数字;小升初高频,小学成语培优全书·教辅常见,idiom-l3-0544,成语-数字,L3
idiom,L3,,崇高的精神或深厚的友谊永远不会消失（四字）,万古长青,成语;数字;小升初高频,小学成语培优全书·教辅常见,idiom-l3-0545,成语-数字,L3
idiom,L3,,非常有把握，绝对不会出差错（四字）,万无一失,成语;数字;小升初高频,小学成语培优全书·教辅常见,idiom-l3-0546,成语-数字,L3
idiom,L3,,周围环境非常安静，一点儿声响都没有（四字）,万籁俱寂,成语;数字;小升初高频,小学成语培优全书·教辅常见,idiom-l3-0547,成语-数字,L3
idiom,L3,,百花齐放，色彩艳丽（四字）,万紫千红,成语;数字;小升初高频,小学成语培优全书·教辅常见,idiom-l3-0548,成语-数字,L3
idiom,L3,,多次命令和告诫（四字）,三令五申,成语;数字;小升初高频,小学成语培优全书·教辅常见,idiom-l3-0549,成语-数字,L3
idiom,L3,,不安心，不专一（四字）,三心二意,成语;数字;小升初高频,小学成语培优全书·教辅常见,idiom-l3-0550,成语-数字,L3
idiom,L3,,含有数字的成语（四字）,三言两语,成语;数字;小升初高频,小学成语培优全书·教辅常见,idiom-l3-0551,成语-数字,L3
idiom,L3,,意外的灾祸或事故（四字）,三长两短,成语;数字;小升初高频,小学成语培优全书·教辅常见,idiom-l3-0552,成语-数字,L3
idiom,L3,,不正派，也指不象样子（四字）,不三不四,成语;数字;小升初高频,小学成语培优全书·教辅常见,idiom-l3-0553,成语-数字,L3
idiom,L3,,目空一切、狂妄自大到了极点（四字）,不可一世,成语;数字;小升初高频,小学成语培优全书·教辅常见,idiom-l3-0554,成语-数字,L3
idiom,L3,,极端轻视（四字）,不屑一顾,成语;数字;小升初高频,小学成语培优全书·教辅常见,idiom-l3-0555,成语-数字,L3
idiom,L3,,居心不良，当面一套，背后一套（四字）,两面三刀,成语;数字;小升初高频,小学成语培优全书·教辅常见,idiom-l3-0556,成语-数字,L3
idiom,L3,,从一件事情类推而知道其他许多事情（四字）,举一反三,成语;数字;小升初高频,小学成语培优全书·教辅常见,idiom-l3-0557,成语-数字,L3
idiom,L3,,十分杂乱（四字）,乌七八糟,成语;数字;小升初高频,小学成语培优全书·教辅常见,idiom-l3-0558,成语-数字,L3
idiom,L3,,经历很大危险而幸存（四字）,九死一生,成语;数字;小升初高频,小学成语培优全书·教辅常见,idiom-l3-0559,成语-数字,L3
idiom,L3,,极大数量中极微小的数量，微不足道（四字）,九牛一毛,成语;数字;小升初高频,小学成语培优全书·教辅常见,idiom-l3-0560,成语-数字,L3
idiom,L3,,无秩序，无条理，乱得不成样子（四字）,乱七八糟,成语;数字;小升初高频,小学成语培优全书·教辅常见,idiom-l3-0561,成语-数字,L3
idiom,L3,,佩服到了极点（四字）,五体投地,成语;数字;小升初高频,小学成语培优全书·教辅常见,idiom-l3-0562,成语-数字,L3
idiom,L3,,色彩鲜艳，花样繁多（四字）,五光十色,成语;数字;小升初高频,小学成语培优全书·教辅常见,idiom-l3-0563,成语-数字,L3
idiom,L3,,颜色繁多，非趁看（四字）,五彩缤纷,成语;数字;小升初高频,小学成语培优全书·教辅常见,idiom-l3-0564,成语-数字,L3
idiom,L3,,色彩复杂或花样繁多（四字）,五颜六色,成语;数字;小升初高频,小学成语培优全书·教辅常见,idiom-l3-0565,成语-数字,L3
idiom,L3,,一把火给烧了（四字）,付之一炬,成语;数字;小升初高频,小学成语培优全书·教辅常见,idiom-l3-0566,成语-数字,L3
idiom,L3,,不计较，不当一回事（四字）,付之一笑,成语;数字;小升初高频,小学成语培优全书·教辅常见,idiom-l3-0567,成语-数字,L3
idiom,L3,,态度卑贱低下也指工作性质卑贱低下（四字）,低三下四,成语;数字;小升初高频,小学成语培优全书·教辅常见,idiom-l3-0568,成语-数字,L3
idiom,L3,,含有数字的成语（四字）,低人一等,成语;数字;小升初高频,小学成语培优全书·教辅常见,idiom-l3-0569,成语-数字,L3
idiom,L3,,书法极有笔力（四字）,入木三分,成语;数字;小升初高频,小学成语培优全书·教辅常见,idiom-l3-0570,成语-数字,L3
idiom,L3,,各自拿出本领或办法，互相竞赛（四字）,八仙过海,成语;数字;小升初高频,小学成语培优全书·教辅常见,idiom-l3-0571,成语-数字,L3
idiom,L3,,人灵活、敏捷（四字）,八面玲珑,成语;数字;小升初高频,小学成语培优全书·教辅常见,idiom-l3-0572,成语-数字,L3
idiom,L3,,不重天伦，不通人情，对亲属都不顾（四字）,六亲不认,成语;数字;小升初高频,小学成语培优全书·教辅常见,idiom-l3-0573,成语-数字,L3
idiom,L3,,惊慌着急，没了主意，不知如何才好（四字）,六神无主,成语;数字;小升初高频,小学成语培优全书·教辅常见,idiom-l3-0574,成语-数字,L3
idiom,L3,,对敌人拼死决战（四字）,决一死战,成语;数字;小升初高频,小学成语培优全书·教辅常见,idiom-l3-0575,成语-数字,L3
idiom,L3,,挥千里之外的战局（四字）,决胜千里,成语;数字;小升初高频,小学成语培优全书·教辅常见,idiom-l3-0576,成语-数字,L3
idiom,L3,,另有一种独特的风格（四字）,别具一格,成语;数字;小升初高频,小学成语培优全书·教辅常见,idiom-l3-0577,成语-数字,L3
idiom,L3,,作事情只差最后一点没能完成（四字）,功亏一篑,成语;数字;小升初高频,小学成语培优全书·教辅常见,idiom-l3-0578,成语-数字,L3
idiom,L3,,各种事物（四字）,包罗万象,成语;数字;小升初高频,小学成语培优全书·教辅常见,idiom-l3-0579,成语-数字,L3
idiom,L3,,事情紧急到了极点（多用于公文、电报等）（四字）,十万火急,成语;数字;小升初高频,小学成语培优全书·教辅常见,idiom-l3-0580,成语-数字,L3
idiom,L3,,含有数字的成语（四字）,十全十美,成语;数字;小升初高频,小学成语培优全书·教辅常见,idiom-l3-0581,成语-数字,L3
idiom,L3,,罪恶极大，不可饶恕（四字）,十恶不赦,成语;数字;小升初高频,小学成语培优全书·教辅常见,idiom-l3-0582,成语-数字,L3
idiom,L3,,很有把握（四字）,十拿九稳,成语;数字;小升初高频,小学成语培优全书·教辅常见,idiom-l3-0583,成语-数字,L3
idiom,L3,,变化极多（四字）,千变万化,成语;数字;小升初高频,小学成语培优全书·教辅常见,idiom-l3-0584,成语-数字,L3
idiom,L3,,姿态多种多样（四字）,千姿百态,成语;数字;小升初高频,小学成语培优全书·教辅常见,idiom-l3-0585,成语-数字,L3
idiom,L3,,含有数字的成语（四字）,千方百计,成语;数字;小升初高频,小学成语培优全书·教辅常见,idiom-l3-0586,成语-数字,L3
idiom,L3,,情况非常确实（四字）,千真万确,成语;数字;小升初高频,小学成语培优全书·教辅常见,idiom-l3-0587,成语-数字,L3
idiom,L3,,文章公式化（四字）,千篇一律,成语;数字;小升初高频,小学成语培优全书·教辅常见,idiom-l3-0588,成语-数字,L3
idiom,L3,,机会极其难得（四字）,千载难逢,成语;数字;小升初高频,小学成语培优全书·教辅常见,idiom-l3-0589,成语-数字,L3
idiom,L3,,含有数字的成语（四字）,千辛万苦,成语;数字;小升初高频,小学成语培优全书·教辅常见,idiom-l3-0590,成语-数字,L3
idiom,L3,,情况万分危急（四字）,千钧一发,成语;数字;小升初高频,小学成语培优全书·教辅常见,idiom-l3-0591,成语-数字,L3
idiom,L3,,彼此一样，不相上下（四字）,半斤八两,成语;数字;小升初高频,小学成语培优全书·教辅常见,idiom-l3-0592,成语-数字,L3
idiom,L3,,一场大梦，或比喻一场空欢喜（四字）,南柯一梦,成语;数字;小升初高频,小学成语培优全书·教辅常见,idiom-l3-0593,成语-数字,L3
idiom,L3,,含有数字的成语（四字）,反戈一击,成语;数字;小升初高频,小学成语培优全书·教辅常见,idiom-l3-0594,成语-数字,L3
idiom,L3,,交通极便利（四字）,四通八达,成语;数字;小升初高频,小学成语培优全书·教辅常见,idiom-l3-0595,成语-数字,L3
idiom,L3,,各个方面或各个地方（四字）,四面八方,成语;数字;小升初高频,小学成语培优全书·教辅常见,idiom-l3-0596,成语-数字,L3
idiom,L3,,多余的，没有必要的举动（四字）,多此一举,成语;数字;小升初高频,小学成语培优全书·教辅常见,idiom-l3-0597,成语-数字,L3
idiom,L3,,广大无边的人世（四字）,大千世界,成语;数字;小升初高频,小学成语培优全书·教辅常见,idiom-l3-0598,成语-数字,L3
idiom,L3,,两件事情非常相似（四字）,如出一辙,成语;数字;小升初高频,小学成语培优全书·教辅常见,idiom-l3-0599,成语-数字,L3
idiom,L3,,有远大的抱负和理想（四字）,志在四方,成语;数字;小升初高频,小学成语培优全书·教辅常见,idiom-l3-0600,成语-数字,L3
idiom,L3,,含有数字的成语（四字）,感慨万千,成语;数字;小升初高频,小学成语培优全书·教辅常见,idiom-l3-0601,成语-数字,L3
idiom,L3,,数量很多（四字）,成千上万,成语;数字;小升初高频,小学成语培优全书·教辅常见,idiom-l3-0602,成语-数字,L3
idiom,L3,,含有数字的成语（四字）,成百上千,成语;数字;小升初高频,小学成语培优全书·教辅常见,idiom-l3-0603,成语-数字,L3
idiom,L3,,人极有才华（四字）,才高八斗,成语;数字;小升初高频,小学成语培优全书·教辅常见,idiom-l3-0604,成语-数字,L3
idiom,L3,,对人态度傲慢（四字）,拒人千里,成语;数字;小升初高频,小学成语培优全书·教辅常见,idiom-l3-0605,成语-数字,L3
idiom,L3,,含有数字的成语（四字）,排除万难,成语;数字;小升初高频,小学成语培优全书·教辅常见,idiom-l3-0606,成语-数字,L3
idiom,L3,,含有数字的成语（四字）,接二连三,成语;数字;小升初高频,小学成语培优全书·教辅常见,idiom-l3-0607,成语-数字,L3
idiom,L3,,含有数字的成语（四字）,晴空万里,成语;数字;小升初高频,小学成语培优全书·教辅常见,idiom-l3-0608,成语-数字,L3
idiom,L3,,含有数字的成语（四字）,更上一层,成语;数字;小升初高频,小学成语培优全书·教辅常见,idiom-l3-0609,成语-数字,L3
idiom,L3,,玩弄手法欺骗人◇用来比喻常常变卦，反复无常（四字）,朝三暮四,成语;数字;小升初高频,小学成语培优全书·教辅常见,idiom-l3-0610,成语-数字,L3
idiom,L3,,纵横杂乱（四字）,横七竖八,成语;数字;小升初高频,小学成语培优全书·教辅常见,idiom-l3-0611,成语-数字,L3
idiom,L3,,含有数字的成语（四字）,混为一谈,成语;数字;小升初高频,小学成语培优全书·教辅常见,idiom-l3-0612,成语-数字,L3
idiom,L3,,含有数字的成语（四字）,激动万分,成语;数字;小升初高频,小学成语培优全书·教辅常见,idiom-l3-0613,成语-数字,L3
idiom,L3,,改变旧面貌，出现崭新的气象（四字）,焕然一新,成语;数字;小升初高频,小学成语培优全书·教辅常见,idiom-l3-0614,成语-数字,L3
idiom,L3,,含有数字的成语（四字）,独一无二,成语;数字;小升初高频,小学成语培优全书·教辅常见,idiom-l3-0615,成语-数字,L3
idiom,L3,,含有数字的成语（四字）,独当一面,成语;数字;小升初高频,小学成语培优全书·教辅常见,idiom-l3-0616,成语-数字,L3
idiom,L3,,独特新奇，自成一家（四字）,独树一帜,成语;数字;小升初高频,小学成语培优全书·教辅常见,idiom-l3-0617,成语-数字,L3
idiom,L3,,一切都顺从别人（四字）,百依百顺,成语;数字;小升初高频,小学成语培优全书·教辅常见,idiom-l3-0618,成语-数字,L3
idiom,L3,,射箭或打枪准确，每次都命中目标（四字）,百发百中,成语;数字;小升初高频,小学成语培优全书·教辅常见,idiom-l3-0619,成语-数字,L3
idiom,L3,,很少见到过或少有的机会（四字）,百年不遇,成语;数字;小升初高频,小学成语培优全书·教辅常见,idiom-l3-0620,成语-数字,L3
idiom,L3,,许多已经荒废了的事情一下子都兴办起来（四字）,百废俱兴,成语;数字;小升初高频,小学成语培优全书·教辅常见,idiom-l3-0621,成语-数字,L3
idiom,L3,,感触很多，心情复杂（四字）,百感交集,成语;数字;小升初高频,小学成语培优全书·教辅常见,idiom-l3-0622,成语-数字,L3
idiom,L3,,善于用兵（四字）,百战不殆,成语;数字;小升初高频,小学成语培优全书·教辅常见,idiom-l3-0623,成语-数字,L3
idiom,L3,,所向无敌（四字）,百战百胜,成语;数字;小升初高频,小学成语培优全书·教辅常见,idiom-l3-0624,成语-数字,L3
idiom,L3,,意志坚强，无论受到多少次挫折，毫不动摇退缩（四字）,百折不挠,成语;数字;小升初高频,小学成语培优全书·教辅常见,idiom-l3-0625,成语-数字,L3
idiom,L3,,精神上无所寄托，感到什么都没意思（四字）,百无聊赖,成语;数字;小升初高频,小学成语培优全书·教辅常见,idiom-l3-0626,成语-数字,L3
idiom,L3,,人才出众（四字）,百里挑一,成语;数字;小升初高频,小学成语培优全书·教辅常见,idiom-l3-0627,成语-数字,L3
idiom,L3,,采取宽大态度，给人一条出路（四字）,网开一面,成语;数字;小升初高频,小学成语培优全书·教辅常见,idiom-l3-0628,成语-数字,L3
idiom,L3,,含有数字的成语（四字）,耳目一新,成语;数字;小升初高频,小学成语培优全书·教辅常见,idiom-l3-0629,成语-数字,L3
idiom,L3,,意见分歧，没有一致的看法（四字）,莫衷一是,成语;数字;小升初高频,小学成语培优全书·教辅常见,idiom-l3-0630,成语-数字,L3
idiom,L3,,含有数字的成语（四字）,表里不一,成语;数字;小升初高频,小学成语培优全书·教辅常见,idiom-l3-0631,成语-数字,L3
idiom,L3,,言行和思想完全一致（四字）,表里如一,成语;数字;小升初高频,小学成语培优全书·教辅常见,idiom-l3-0632,成语-数字,L3
idiom,L3,,含有数字的成语（四字）,言行一致,成语;数字;小升初高频,小学成语培优全书·教辅常见,idiom-l3-0633,成语-数字,L3
idiom,L3,,含有数字的成语（四字）,言行不一,成语;数字;小升初高频,小学成语培优全书·教辅常见,idiom-l3-0634,成语-数字,L3
idiom,L3,,不负责任地胡乱议论（四字）,说三道四,成语;数字;小升初高频,小学成语培优全书·教辅常见,idiom-l3-0635,成语-数字,L3
idiom,L3,,况历多，经验丰富（四字）,身经百战,成语;数字;小升初高频,小学成语培优全书·教辅常见,idiom-l3-0636,成语-数字,L3
idiom,L3,,退让和回避，避免冲突（四字）,退避三舍,成语;数字;小升初高频,小学成语培优全书·教辅常见,idiom-l3-0637,成语-数字,L3
idiom,L3,,死后恶名一直流传，永远被人唾骂（四字）,遗臭万年,成语;数字;小升初高频,小学成语培优全书·教辅常见,idiom-l3-0638,成语-数字,L3
idiom,L3,,头计算，首先弯下大拇指，表示第一（四字）,首屈一指,成语;数字;小升初高频,小学成语培优全书·教辅常见,idiom-l3-0639,成语-数字,L3
idiom,L3,,虚幻不能实现的梦想（四字）,黄粱一梦,成语;数字;小升初高频,小学成语培优全书·教辅常见,idiom-l3-0640,成语-数字,L3
idiom,L3,,瞒着别人做事，不敢让别人知道（四字）,偷偷摸摸,成语;AABB;小升初高频,小学成语培优全书·教辅常见,idiom-l3-0641,成语-AABB,L3
idiom,L3,,小心谨慎（四字）,兢兢业业,成语;AABB;小升初高频,小学成语培优全书·教辅常见,idiom-l3-0642,成语-AABB,L3
idiom,L3,,AABB 结构的成语（四字）,冷冷清清,成语;AABB;小升初高频,小学成语培优全书·教辅常见,idiom-l3-0643,成语-AABB,L3
idiom,L3,,勤劳踏实（四字）,勤勤恳恳,成语;AABB;小升初高频,小学成语培优全书·教辅常见,idiom-l3-0644,成语-AABB,L3
idiom,L3,,AABB 结构的成语（四字）,匆匆忙忙,成语;AABB;小升初高频,小学成语培优全书·教辅常见,idiom-l3-0645,成语-AABB,L3
idiom,L3,,一次一次地说，或经常说（四字）,口口声声,成语;AABB;小升初高频,小学成语培优全书·教辅常见,idiom-l3-0646,成语-AABB,L3
idiom,L3,,说话有顾虑（四字）,吞吞吐吐,成语;AABB;小升初高频,小学成语培优全书·教辅常见,idiom-l3-0647,成语-AABB,L3
idiom,L3,,AABB 结构的成语（四字）,哭哭啼啼,成语;AABB;小升初高频,小学成语培优全书·教辅常见,idiom-l3-0648,成语-AABB,L3
idiom,L3,,AABB 结构的成语（四字）,嘻嘻哈哈,成语;AABB;小升初高频,小学成语培优全书·教辅常见,idiom-l3-0649,成语-AABB,L3
idiom,L3,,AABB 结构的成语（四字）,圆圆满满,成语;AABB;小升初高频,小学成语培优全书·教辅常见,idiom-l3-0650,成语-AABB,L3
idiom,L3,,强大整齐的样子，现也形容光明正大（四字）,堂堂正正,成语;AABB;小升初高频,小学成语培优全书·教辅常见,idiom-l3-0651,成语-AABB,L3
idiom,L3,,AABB 结构的成语（四字）,多多少少,成语;AABB;小升初高频,小学成语培优全书·教辅常见,idiom-l3-0652,成语-AABB,L3
idiom,L3,,AABB 结构的成语（四字）,大大小小,成语;AABB;小升初高频,小学成语培优全书·教辅常见,idiom-l3-0653,成语-AABB,L3
idiom,L3,,AABB 结构的成语（四字）,密密麻麻,成语;AABB;小升初高频,小学成语培优全书·教辅常见,idiom-l3-0654,成语-AABB,L3
idiom,L3,,AABB 结构的成语（四字）,干干净净,成语;AABB;小升初高频,小学成语培优全书·教辅常见,idiom-l3-0655,成语-AABB,L3
idiom,L3,,AABB 结构的成语（四字）,平平安安,成语;AABB;小升初高频,小学成语培优全书·教辅常见,idiom-l3-0656,成语-AABB,L3
idiom,L3,,AABB 结构的成语（四字）,开开心心,成语;AABB;小升初高频,小学成语培优全书·教辅常见,idiom-l3-0657,成语-AABB,L3
idiom,L3,,AABB 结构的成语（四字）,弯弯曲曲,成语;AABB;小升初高频,小学成语培优全书·教辅常见,idiom-l3-0658,成语-AABB,L3
idiom,L3,,AABB 结构的成语（四字）,影影绰绰,成语;AABB;小升初高频,小学成语培优全书·教辅常见,idiom-l3-0659,成语-AABB,L3
idiom,L3,,事务繁杂、辛辛苦苦的样子（四字）,忙忙碌碌,成语;AABB;小升初高频,小学成语培优全书·教辅常见,idiom-l3-0660,成语-AABB,L3
idiom,L3,,AABB 结构的成语（四字）,快快乐乐,成语;AABB;小升初高频,小学成语培优全书·教辅常见,idiom-l3-0661,成语-AABB,L3
idiom,L3,,举止慌张，不稳重（四字）,慌慌张张,成语;AABB;小升初高频,小学成语培优全书·教辅常见,idiom-l3-0662,成语-AABB,L3
idiom,L3,,AABB 结构的成语（四字）,懒懒散散,成语;AABB;小升初高频,小学成语培优全书·教辅常见,idiom-l3-0663,成语-AABB,L3
idiom,L3,,AABB 结构的成语（四字）,扎扎实实,成语;AABB;小升初高频,小学成语培优全书·教辅常见,idiom-l3-0664,成语-AABB,L3
idiom,L3,,AABB 结构的成语（四字）,摇摇摆摆,成语;AABB;小升初高频,小学成语培优全书·教辅常见,idiom-l3-0665,成语-AABB,L3
idiom,L3,,AABB 结构的成语（四字）,整整齐齐,成语;AABB;小升初高频,小学成语培优全书·教辅常见,idiom-l3-0666,成语-AABB,L3
idiom,L3,,AABB 结构的成语（四字）,断断续续,成语;AABB;小升初高频,小学成语培优全书·教辅常见,idiom-l3-0667,成语-AABB,L3
idiom,L3,,AABB 结构的成语（四字）,方方正正,成语;AABB;小升初高频,小学成语培优全书·教辅常见,idiom-l3-0668,成语-AABB,L3
idiom,L3,,AABB 结构的成语（四字）,明明白白,成语;AABB;小升初高频,小学成语培优全书·教辅常见,idiom-l3-0669,成语-AABB,L3
idiom,L3,,多而分散（四字）,星星点点,成语;AABB;小升初高频,小学成语培优全书·教辅常见,idiom-l3-0670,成语-AABB,L3
idiom,L3,,AABB 结构的成语（四字）,曲曲折折,成语;AABB;小升初高频,小学成语培优全书·教辅常见,idiom-l3-0671,成语-AABB,L3
idiom,L3,,AABB 结构的成语（四字）,来来往往,成语;AABB;小升初高频,小学成语培优全书·教辅常见,idiom-l3-0672,成语-AABB,L3
idiom,L3,,AABB 结构的成语（四字）,模模糊糊,成语;AABB;小升初高频,小学成语培优全书·教辅常见,idiom-l3-0673,成语-AABB,L3
idiom,L3,,人声喧闹（四字）,沸沸扬扬,成语;AABB;小升初高频,小学成语培优全书·教辅常见,idiom-l3-0674,成语-AABB,L3
idiom,L3,,水势广大的样子◇形容事物的广阔壮大，或前进的人流（四字）,浩浩荡荡,成语;AABB;小升初高频,小学成语培优全书·教辅常见,idiom-l3-0675,成语-AABB,L3
idiom,L3,,AABB 结构的成语（四字）,清清楚楚,成语;AABB;小升初高频,小学成语培优全书·教辅常见,idiom-l3-0676,成语-AABB,L3
idiom,L3,,AABB 结构的成语（四字）,炳炳凿凿,成语;AABB;小升初高频,小学成语培优全书·教辅常见,idiom-l3-0677,成语-AABB,L3
idiom,L3,,人来人往，非常热闹拥挤（四字）,熙熙攘攘,成语;AABB;小升初高频,小学成语培优全书·教辅常见,idiom-l3-0678,成语-AABB,L3
idiom,L3,,AABB 结构的成语（四字）,犹犹豫豫,成语;AABB;小升初高频,小学成语培优全书·教辅常见,idiom-l3-0679,成语-AABB,L3
idiom,L3,,AABB 结构的成语（四字）,真真假假,成语;AABB;小升初高频,小学成语培优全书·教辅常见,idiom-l3-0680,成语-AABB,L3
idiom,L3,,AABB 结构的成语（四字）,端端正正,成语;AABB;小升初高频,小学成语培优全书·教辅常见,idiom-l3-0681,成语-AABB,L3
idiom,L3,,AABB 结构的成语（四字）,红红火火,成语;AABB;小升初高频,小学成语培优全书·教辅常见,idiom-l3-0682,成语-AABB,L3
idiom,L3,,雪花飘落的样子（四字）,纷纷扬扬,成语;AABB;小升初高频,小学成语培优全书·教辅常见,idiom-l3-0683,成语-AABB,L3
idiom,L3,,说话不流利（四字）,结结巴巴,成语;AABB;小升初高频,小学成语培优全书·教辅常见,idiom-l3-0684,成语-AABB,L3
idiom,L3,,AABB 结构的成语（四字）,老老实实,成语;AABB;小升初高频,小学成语培优全书·教辅常见,idiom-l3-0685,成语-AABB,L3
idiom,L3,,军事上讲究策略，善于迷惑对方（四字）,虚虚实实,成语;AABB;小升初高频,小学成语培优全书·教辅常见,idiom-l3-0686,成语-AABB,L3
idiom,L3,,AABB 结构的成语（四字）,认认真真,成语;AABB;小升初高频,小学成语培优全书·教辅常见,idiom-l3-0687,成语-AABB,L3
idiom,L3,,AABB 结构的成语（四字）,踏踏实实,成语;AABB;小升初高频,小学成语培优全书·教辅常见,idiom-l3-0688,成语-AABB,L3
idiom,L3,,巨大的声响（四字）,轰轰烈烈,成语;AABB;小升初高频,小学成语培优全书·教辅常见,idiom-l3-0689,成语-AABB,L3
idiom,L3,,AABB 结构的成语（四字）,进进出出,成语;AABB;小升初高频,小学成语培优全书·教辅常见,idiom-l3-0690,成语-AABB,L3
idiom,L3,,草木苍翠茂盛（四字）,郁郁葱葱,成语;AABB;小升初高频,小学成语培优全书·教辅常见,idiom-l3-0691,成语-AABB,L3
idiom,L3,,AABB 结构的成语（四字）,长长短短,成语;AABB;小升初高频,小学成语培优全书·教辅常见,idiom-l3-0692,成语-AABB,L3
idiom,L3,,AABB 结构的成语（四字）,陆陆续续,成语;AABB;小升初高频,小学成语培优全书·教辅常见,idiom-l3-0693,成语-AABB,L3
idiom,L3,,看起来或听起来凝，不很清楚，感觉不很明显（四字）,隐隐约约,成语;AABB;小升初高频,小学成语培优全书·教辅常见,idiom-l3-0694,成语-AABB,L3
idiom,L3,,还过得去（四字）,马马虎虎,成语;AABB;小升初高频,小学成语培优全书·教辅常见,idiom-l3-0695,成语-AABB,L3
idiom,L3,,AABB 结构的成语（四字）,高高低低,成语;AABB;小升初高频,小学成语培优全书·教辅常见,idiom-l3-0696,成语-AABB,L3
idiom,L3,,AABB 结构的成语（四字）,高高兴兴,成语;AABB;小升初高频,小学成语培优全书·教辅常见,idiom-l3-0697,成语-AABB,L3
idiom,L3,,行动偷偷摸摸，不光明正大（四字）,鬼鬼祟祟,成语;AABB;小升初高频,小学成语培优全书·教辅常见,idiom-l3-0698,成语-AABB,L3
idiom,L3,,上面的人怎么做，下面的人就跟着怎么干（四字）,上行下效,成语;综合;小升初高频,小学成语培优全书·教辅常见,idiom-l3-0699,成语-综合,L3
idiom,L3,,小学教辅常见成语（四字）,上蹿下跳,成语;综合;小升初高频,小学成语培优全书·教辅常见,idiom-l3-0700,成语-综合,L3
idiom,L3,,只通融这一次（四字）,下不为例,成语;综合;小升初高频,小学成语培优全书·教辅常见,idiom-l3-0701,成语-综合,L3
idiom,L3,,把事情放在一边不管，就算完事（四字）,不了了之,成语;综合;小升初高频,小学成语培优全书·教辅常见,idiom-l3-0702,成语-综合,L3
idiom,L3,,乎文言中用为疑问或反问的语气助词，这里相当于吗”（四字）,不亦乐乎,成语;综合;小升初高频,小学成语培优全书·教辅常见,idiom-l3-0703,成语-综合,L3
idiom,L3,,不认为是对的（四字）,不以为然,成语;综合;小升初高频,小学成语培优全书·教辅常见,idiom-l3-0704,成语-综合,L3
idiom,L3,,成样子或没有道理（四字）,不伦不类,成语;综合;小升初高频,小学成语培优全书·教辅常见,idiom-l3-0705,成语-综合,L3
idiom,L3,,人的衣着、仪表（四字）,不修边幅,成语;综合;小升初高频,小学成语培优全书·教辅常见,idiom-l3-0706,成语-综合,L3
idiom,L3,,不偏向任何一方（四字）,不偏不倚,成语;综合;小升初高频,小学成语培优全书·教辅常见,idiom-l3-0707,成语-综合,L3
idiom,L3,,仇恨极深（四字）,不共戴天,成语;综合;小升初高频,小学成语培优全书·教辅常见,idiom-l3-0708,成语-综合,L3
idiom,L3,,小学教辅常见成语（四字）,不分伯仲,成语;综合;小升初高频,小学成语培优全书·教辅常见,idiom-l3-0709,成语-综合,L3
idiom,L3,,丢下本职工作不做，去搞其他的事情（四字）,不务正业,成语;综合;小升初高频,小学成语培优全书·教辅常见,idiom-l3-0710,成语-综合,L3
idiom,L3,,非常镇静（四字）,不动声色,成语;综合;小升初高频,小学成语培优全书·教辅常见,idiom-l3-0711,成语-综合,L3
idiom,L3,,自己不劳动却占有别人的劳动成果（四字）,不劳而获,成语;综合;小升初高频,小学成语培优全书·教辅常见,idiom-l3-0712,成语-综合,L3
idiom,L3,,对人既不接近，也不疏远（四字）,不即不离,成语;综合;小升初高频,小学成语培优全书·教辅常见,idiom-l3-0713,成语-综合,L3
idiom,L3,,没法解开或摆脱（四字）,不可开交,成语;综合;小升初高频,小学成语培优全书·教辅常见,idiom-l3-0714,成语-综合,L3
idiom,L3,,蛮横或固执（四字）,不可理喻,成语;综合;小升初高频,小学成语培优全书·教辅常见,idiom-l3-0715,成语-综合,L3
idiom,L3,,事物不平凡，很出色（四字）,不同凡响,成语;综合;小升初高频,小学成语培优全书·教辅常见,idiom-l3-0716,成语-综合,L3
idiom,L3,,对过去的事情想起来就会感到痛苦，因而不忍去回忆（四字）,不堪回首,成语;综合;小升初高频,小学成语培优全书·教辅常见,idiom-l3-0717,成语-综合,L3
idiom,L3,,预料事情会发展到很坏的地步（四字）,不堪设想,成语;综合;小升初高频,小学成语培优全书·教辅常见,idiom-l3-0718,成语-综合,L3
idiom,L3,,论证严密，无可怀疑（四字）,不容置疑,成语;综合;小升初高频,小学成语培优全书·教辅常见,idiom-l3-0719,成语-综合,L3
idiom,L3,,在压力和面前不屈服，表现十分顽强（四字）,不屈不挠,成语;综合;小升初高频,小学成语培优全书·教辅常见,idiom-l3-0720,成语-综合,L3
idiom,L3,,态度镇定，或办事稳重、踏实（四字）,不慌不忙,成语;综合;小升初高频,小学成语培优全书·教辅常见,idiom-l3-0721,成语-综合,L3
idiom,L3,,言行没有规矩，不成样子（四字）,不成体统,成语;综合;小升初高频,小学成语培优全书·教辅常见,idiom-l3-0722,成语-综合,L3
idiom,L3,,没有用刑就招供（四字）,不打自招,成语;综合;小升初高频,小学成语培优全书·教辅常见,idiom-l3-0723,成语-综合,L3
idiom,L3,,多指不注意生活小事（四字）,不拘小节,成语;综合;小升初高频,小学成语培优全书·教辅常见,idiom-l3-0724,成语-综合,L3
idiom,L3,,为了达到目的，什么手段都使得出来（四字）,不择手段,成语;综合;小升初高频,小学成语培优全书·教辅常见,idiom-l3-0725,成语-综合,L3
idiom,L3,,意外碰见（四字）,不期而遇,成语;综合;小升初高频,小学成语培优全书·教辅常见,idiom-l3-0726,成语-综合,L3
idiom,L3,,小学教辅常见成语（四字）,不欢而散,成语;综合;小升初高频,小学成语培优全书·教辅常见,idiom-l3-0727,成语-综合,L3
idiom,L3,,荒凉、贫瘠（四字）,不毛之地,成语;综合;小升初高频,小学成语培优全书·教辅常见,idiom-l3-0728,成语-综合,L3
idiom,L3,,学习或研究不认真、不深入（四字）,不求甚解,成语;综合;小升初高频,小学成语培优全书·教辅常见,idiom-l3-0729,成语-综合,L3
idiom,L3,,小学教辅常见成语（四字）,不由自主,成语;综合;小升初高频,小学成语培优全书·教辅常见,idiom-l3-0730,成语-综合,L3
idiom,L3,,小学教辅常见成语（四字）,不畏艰险,成语;综合;小升初高频,小学成语培优全书·教辅常见,idiom-l3-0731,成语-综合,L3
idiom,L3,,说不出的一种难受（四字）,不痛不痒,成语;综合;小升初高频,小学成语培优全书·教辅常见,idiom-l3-0732,成语-综合,L3
idiom,L3,,水平相当（四字）,不相上下,成语;综合;小升初高频,小学成语培优全书·教辅常见,idiom-l3-0733,成语-综合,L3
idiom,L3,,昏迷过去，失去知觉（四字）,不省人事,成语;综合;小升初高频,小学成语培优全书·教辅常见,idiom-l3-0734,成语-综合,L3
idiom,L3,,小学教辅常见成语（四字）,不矜不伐,成语;综合;小升初高频,小学成语培优全书·教辅常见,idiom-l3-0735,成语-综合,L3
idiom,L3,,未加注意（四字）,不知不觉,成语;综合;小升初高频,小学成语培优全书·教辅常见,idiom-l3-0736,成语-综合,L3
idiom,L3,,处境为难或心神慌乱（四字）,不知所措,成语;综合;小升初高频,小学成语培优全书·教辅常见,idiom-l3-0737,成语-综合,L3
idiom,L3,,事先没有约定而相互一致（四字）,不约而同,成语;综合;小升初高频,小学成语培优全书·教辅常见,idiom-l3-0738,成语-综合,L3
idiom,L3,,荒诞无稽、没有根据的话（四字）,不经之谈,成语;综合;小升初高频,小学成语培优全书·教辅常见,idiom-l3-0739,成语-综合,L3
idiom,L3,,声音在耳边不断鸣响（四字）,不绝于耳,成语;综合;小升初高频,小学成语培优全书·教辅常见,idiom-l3-0740,成语-综合,L3
idiom,L3,,不表明态度（四字）,不置可否,成语;综合;小升初高频,小学成语培优全书·教辅常见,idiom-l3-0741,成语-综合,L3
idiom,L3,,物品忽然丢失（四字）,不翼而飞,成语;综合;小升初高频,小学成语培优全书·教辅常见,idiom-l3-0742,成语-综合,L3
idiom,L3,,数量很多（四字）,不胜枚举,成语;综合;小升初高频,小学成语培优全书·教辅常见,idiom-l3-0743,成语-综合,L3
idiom,L3,,无法控制自己，使激动的情绪平静下来（四字）,不能自已,成语;综合;小升初高频,小学成语培优全书·教辅常见,idiom-l3-0744,成语-综合,L3
idiom,L3,,小学教辅常见成语（四字）,不言不语,成语;综合;小升初高频,小学成语培优全书·教辅常见,idiom-l3-0745,成语-综合,L3
idiom,L3,,道理很明显（四字）,不言而喻,成语;综合;小升初高频,小学成语培优全书·教辅常见,idiom-l3-0746,成语-综合,L3
idiom,L3,,小学教辅常见成语（四字）,不计其数,成语;综合;小升初高频,小学成语培优全书·教辅常见,idiom-l3-0747,成语-综合,L3
idiom,L3,,不懂得人家对自己的好意（四字）,不识抬举,成语;综合;小升初高频,小学成语培优全书·教辅常见,idiom-l3-0748,成语-综合,L3
idiom,L3,,事先没有商量过，意见或行动却完全一致（四字）,不谋而合,成语;综合;小升初高频,小学成语培优全书·教辅常见,idiom-l3-0749,成语-综合,L3
idiom,L3,,不辜负大家的期望（四字）,不负众望,成语;综合;小升初高频,小学成语培优全书·教辅常见,idiom-l3-0750,成语-综合,L3
idiom,L3,,不辜负别人的差使（四字）,不辱使命,成语;综合;小升初高频,小学成语培优全书·教辅常见,idiom-l3-0751,成语-综合,L3
idiom,L3,,性情或言行怪僻（四字）,不近人情,成语;综合;小升初高频,小学成语培优全书·教辅常见,idiom-l3-0752,成语-综合,L3
idiom,L3,,没有邀请突然而来的客人（四字）,不速之客,成语;综合;小升初高频,小学成语培优全书·教辅常见,idiom-l3-0753,成语-综合,L3
idiom,L3,,心里的打算不在说话和脸色上显露出来（四字）,不露声色,成语;综合;小升初高频,小学成语培优全书·教辅常见,idiom-l3-0754,成语-综合,L3
idiom,L3,,人态度谦逊，工作谨慎踏实（四字）,不骄不躁,成语;综合;小升初高频,小学成语培优全书·教辅常见,idiom-l3-0755,成语-综合,L3
idiom,L3,,这是一种消极的回避矛盾的处世态度（四字）,与世无争,成语;综合;小升初高频,小学成语培优全书·教辅常见,idiom-l3-0756,成语-综合,L3
idiom,L3,,不断增长（四字）,与日俱增,成语;综合;小升初高频,小学成语培优全书·教辅常见,idiom-l3-0757,成语-综合,L3
idiom,L3,,一心一意，聚精会神（四字）,专心致志,成语;综合;小升初高频,小学成语培优全书·教辅常见,idiom-l3-0758,成语-综合,L3
idiom,L3,,专断蛮横，任意妄为，蛮不讲理（四字）,专横跋扈,成语;综合;小升初高频,小学成语培优全书·教辅常见,idiom-l3-0759,成语-综合,L3
idiom,L3,,与现实社会隔绝、生活安乐的理想境界◇也指环境幽静（四字）,世外桃源,成语;综合;小升初高频,小学成语培优全书·教辅常见,idiom-l3-0760,成语-综合,L3
idiom,L3,,多指为生活所迫或为某一目的四处奔走活动（四字）,东奔西走,成语;综合;小升初高频,小学成语培优全书·教辅常见,idiom-l3-0761,成语-综合,L3
idiom,L3,,这里那里地到处看（四字）,东张西望,成语;综合;小升初高频,小学成语培优全书·教辅常见,idiom-l3-0762,成语-综合,L3
idiom,L3,,胡乱模仿，效果极坏（四字）,东施效颦,成语;综合;小升初高频,小学成语培优全书·教辅常见,idiom-l3-0763,成语-综合,L3
idiom,L3,,做一件事顾全到双方，使两方面都得到好处（四字）,两全其美,成语;综合;小升初高频,小学成语培优全书·教辅常见,idiom-l3-0764,成语-综合,L3
idiom,L3,,严格地约束自己（四字）,严于律己,成语;综合;小升初高频,小学成语培优全书·教辅常见,idiom-l3-0765,成语-综合,L3
idiom,L3,,言行昏乱而荒谬，或残忍可恶到了极点（四字）,丧心病狂,成语;综合;小升初高频,小学成语培优全书·教辅常见,idiom-l3-0766,成语-综合,L3
idiom,L3,,坚强独立的人能在动荡艰难的环境中起支柱作用（四字）,中流砥柱,成语;综合;小升初高频,小学成语培优全书·教辅常见,idiom-l3-0767,成语-综合,L3
idiom,L3,,伟大的功绩（四字）,丰功伟绩,成语;综合;小升初高频,小学成语培优全书·教辅常见,idiom-l3-0768,成语-综合,L3
idiom,L3,,遇到危难的时候，一点也不怕（四字）,临危不惧,成语;综合;小升初高频,小学成语培优全书·教辅常见,idiom-l3-0769,成语-综合,L3
idiom,L3,,小学教辅常见成语（四字）,为国捐躯,成语;综合;小升初高频,小学成语培优全书·教辅常见,idiom-l3-0770,成语-综合,L3
idiom,L3,,小学教辅常见成语（四字）,为民除害,成语;综合;小升初高频,小学成语培优全书·教辅常见,idiom-l3-0771,成语-综合,L3
idiom,L3,,小学教辅常见成语（四字）,为非作歹,成语;综合;小升初高频,小学成语培优全书·教辅常见,idiom-l3-0772,成语-综合,L3
idiom,L3,,小学教辅常见成语（四字）,主次分明,成语;综合;小升初高频,小学成语培优全书·教辅常见,idiom-l3-0773,成语-综合,L3
idiom,L3,,数量很多（四字）,举不胜举,成语;综合;小升初高频,小学成语培优全书·教辅常见,idiom-l3-0774,成语-综合,L3
idiom,L3,,小学教辅常见成语（四字）,举步维艰,成语;综合;小升初高频,小学成语培优全书·教辅常见,idiom-l3-0775,成语-综合,L3
idiom,L3,,处于重要地位，一举一动都足以影响全局（四字）,举足轻重,成语;综合;小升初高频,小学成语培优全书·教辅常见,idiom-l3-0776,成语-综合,L3
idiom,L3,,道义上不允许推辞（四字）,义不容辞,成语;综合;小升初高频,小学成语培优全书·教辅常见,idiom-l3-0777,成语-综合,L3
idiom,L3,,从道义上只有勇往直前，不能犹豫回顾（四字）,义无反顾,成语;综合;小升初高频,小学成语培优全书·教辅常见,idiom-l3-0778,成语-综合,L3
idiom,L3,,环境嘈杂、秩序混乱或社会黑暗（四字）,乌烟瘴气,成语;综合;小升初高频,小学成语培优全书·教辅常见,idiom-l3-0779,成语-综合,L3
idiom,L3,,小学教辅常见成语（四字）,乐于助人,成语;综合;小升初高频,小学成语培优全书·教辅常见,idiom-l3-0780,成语-综合,L3
idiom,L3,,小学教辅常见成语（四字）,乐极生悲,成语;综合;小升初高频,小学成语培优全书·教辅常见,idiom-l3-0781,成语-综合,L3
idiom,L3,,小学教辅常见成语（四字）,乔装打扮,成语;综合;小升初高频,小学成语培优全书·教辅常见,idiom-l3-0782,成语-综合,L3
idiom,L3,,身上的奶腥气还没有退尽（四字）,乳臭未干,成语;综合;小升初高频,小学成语培优全书·教辅常见,idiom-l3-0783,成语-综合,L3
idiom,L3,,掌指着手掌（四字）,了如指掌,成语;综合;小升初高频,小学成语培优全书·教辅常见,idiom-l3-0784,成语-综合,L3
idiom,L3,,小学教辅常见成语（四字）,争先恐后,成语;综合;小升初高频,小学成语培优全书·教辅常见,idiom-l3-0785,成语-综合,L3
idiom,L3,,百花竞放，十分艳丽（四字）,争奇斗艳,成语;综合;小升初高频,小学成语培优全书·教辅常见,idiom-l3-0786,成语-综合,L3
idiom,L3,,小学教辅常见成语（四字）,事不宜迟,成语;综合;小升初高频,小学成语培优全书·教辅常见,idiom-l3-0787,成语-综合,L3
idiom,L3,,原来打算做的事没能做到（四字）,事与愿违,成语;综合;小升初高频,小学成语培优全书·教辅常见,idiom-l3-0788,成语-综合,L3
idiom,L3,,工作费力大，收效小（四字）,事倍功半,成语;综合;小升初高频,小学成语培优全书·教辅常见,idiom-l3-0789,成语-综合,L3
idiom,L3,,做事得法，因而费力小，收效大（四字）,事半功倍,成语;综合;小升初高频,小学成语培优全书·教辅常见,idiom-l3-0790,成语-综合,L3
idiom,L3,,事情要靠人去做的（四字）,事在人为,成语;综合;小升初高频,小学成语培优全书·教辅常见,idiom-l3-0791,成语-综合,L3
idiom,L3,,小学教辅常见成语（四字）,互帮互助,成语;综合;小升初高频,小学成语培优全书·教辅常见,idiom-l3-0792,成语-综合,L3
idiom,L3,,小学教辅常见成语（四字）,井然有序,成语;综合;小升初高频,小学成语培优全书·教辅常见,idiom-l3-0793,成语-综合,L3
idiom,L3,,两个人凑近低声交谈（四字）,交头接耳,成语;综合;小升初高频,小学成语培优全书·教辅常见,idiom-l3-0794,成语-综合,L3
idiom,L3,,小学教辅常见成语（四字）,亲切和蔼,成语;综合;小升初高频,小学成语培优全书·教辅常见,idiom-l3-0795,成语-综合,L3
idiom,L3,,朋友的情谊深厚（四字）,亲如手足,成语;综合;小升初高频,小学成语培优全书·教辅常见,idiom-l3-0796,成语-综合,L3
idiom,L3,,十分亲密，没有任何隔阂（四字）,亲密无间,成语;综合;小升初高频,小学成语培优全书·教辅常见,idiom-l3-0797,成语-综合,L3
idiom,L3,,小学教辅常见成语（四字）,人声嘈杂,成语;综合;小升初高频,小学成语培优全书·教辅常见,idiom-l3-0798,成语-综合,L3
idiom,L3,,人群的声音吵吵嚷嚷，就象煮开了锅一样（四字）,人声鼎沸,成语;综合;小升初高频,小学成语培优全书·教辅常见,idiom-l3-0799,成语-综合,L3
idiom,L3,,小学教辅常见成语（四字）,人定胜天,成语;综合;小升初高频,小学成语培优全书·教辅常见,idiom-l3-0800,成语-综合,L3
idiom,L3,,小学教辅常见成语（四字）,人尽其才,成语;综合;小升初高频,小学成语培优全书·教辅常见,idiom-l3-0801,成语-综合,L3
idiom,L3,,忙于应酬（四字）,人来人往,成语;综合;小升初高频,小学成语培优全书·教辅常见,idiom-l3-0802,成语-综合,L3
idiom,L3,,人的善意和帮助已经做到了最大限度（四字）,仁至义尽,成语;综合;小升初高频,小学成语培优全书·教辅常见,idiom-l3-0803,成语-综合,L3
idiom,L3,,出于意外，突然出现（四字）,从天而降,成语;综合;小升初高频,小学成语培优全书·教辅常见,idiom-l3-0804,成语-综合,L3
idiom,L3,,不慌不忙，沉着镇定（四字）,从容不迫,成语;综合;小升初高频,小学成语培优全书·教辅常见,idiom-l3-0805,成语-综合,L3
idiom,L3,,匆忙慌张，不知所措（四字）,仓皇失措,成语;综合;小升初高频,小学成语培优全书·教辅常见,idiom-l3-0806,成语-综合,L3
idiom,L3,,能伸张正义（四字）,仗义执言,成语;综合;小升初高频,小学成语培优全书·教辅常见,idiom-l3-0807,成语-综合,L3
idiom,L3,,用假的东西去冒充或混杂真的东西（四字）,以假乱真,成语;综合;小升初高频,小学成语培优全书·教辅常见,idiom-l3-0808,成语-综合,L3
idiom,L3,,不估计自己的力量，自取灭亡（四字）,以卵击石,成语;综合;小升初高频,小学成语培优全书·教辅常见,idiom-l3-0809,成语-综合,L3
idiom,L3,,用含有毒性的药物治疗毒疮等恶性病（四字）,以毒攻毒,成语;综合;小升初高频,小学成语培优全书·教辅常见,idiom-l3-0810,成语-综合,L3
idiom,L3,,以自己的行动做出榜样（四字）,以身作则,成语;综合;小升初高频,小学成语培优全书·教辅常见,idiom-l3-0811,成语-综合,L3
idiom,L3,,在战争中做好充分准备，养精蓄锐，等疲乏的敌人来犯（四字）,以逸待劳,成语;综合;小升初高频,小学成语培优全书·教辅常见,idiom-l3-0812,成语-综合,L3
idiom,L3,,不怕吃苦，也不怕招怨（四字）,任劳任怨,成语;综合;小升初高频,小学成语培优全书·教辅常见,idiom-l3-0813,成语-综合,L3
idiom,L3,,责任重大，要经历长期的奋斗（四字）,任重道远,成语;综合;小升初高频,小学成语培优全书·教辅常见,idiom-l3-0814,成语-综合,L3
idiom,L3,,关系密切，利害相关（四字）,休戚相关,成语;综合;小升初高频,小学成语培优全书·教辅常见,idiom-l3-0815,成语-综合,L3
idiom,L3,,完全孤立（四字）,众叛亲离,成语;综合;小升初高频,小学成语培优全书·教辅常见,idiom-l3-0816,成语-综合,L3
idiom,L3,,团结一致，力量无比强大（四字）,众志成城,成语;综合;小升初高频,小学成语培优全书·教辅常见,idiom-l3-0817,成语-综合,L3
idiom,L3,,得到群众的信任（四字）,众望所归,成语;综合;小升初高频,小学成语培优全书·教辅常见,idiom-l3-0818,成语-综合,L3
idiom,L3,,大家攻击的对象（四字）,众矢之的,成语;综合;小升初高频,小学成语培优全书·教辅常见,idiom-l3-0819,成语-综合,L3
idiom,L3,,人多嘴杂，议论纷纷（四字）,众说纷纭,成语;综合;小升初高频,小学成语培优全书·教辅常见,idiom-l3-0820,成语-综合,L3
idiom,L3,,做事犹豫，缺乏决断（四字）,优柔寡断,成语;综合;小升初高频,小学成语培优全书·教辅常见,idiom-l3-0821,成语-综合,L3
idiom,L3,,做事凶恶残忍，丧尽天良（四字）,伤天害理,成语;综合;小升初高频,小学成语培优全书·教辅常见,idiom-l3-0822,成语-综合,L3
idiom,L3,,凭借职位，滥用权力（四字）,作威作福,成语;综合;小升初高频,小学成语培优全书·教辅常见,idiom-l3-0823,成语-综合,L3
idiom,L3,,做了某件事，结果使自己受困（四字）,作茧自缚,成语;综合;小升初高频,小学成语培优全书·教辅常见,idiom-l3-0824,成语-综合,L3
idiom,L3,,竞赛激烈，大家都不甘落后（四字）,你追我赶,成语;综合;小升初高频,小学成语培优全书·教辅常见,idiom-l3-0825,成语-综合,L3
idiom,L3,,供应不能满足需求（四字）,供不应求,成语;综合;小升初高频,小学成语培优全书·教辅常见,idiom-l3-0826,成语-综合,L3
idiom,L3,,人没有什么长进，还是从前的老样子（四字）,依然如故,成语;综合;小升初高频,小学成语培优全书·教辅常见,idiom-l3-0827,成语-综合,L3
idiom,L3,,亲密地谈心里话（四字）,促膝谈心,成语;综合;小升初高频,小学成语培优全书·教辅常见,idiom-l3-0828,成语-综合,L3
idiom,L3,,小学教辅常见成语（四字）,保家卫国,成语;综合;小升初高频,小学成语培优全书·教辅常见,idiom-l3-0829,成语-综合,L3
idiom,L3,,卑屈驯服的样子（四字）,俯首帖耳,成语;综合;小升初高频,小学成语培优全书·教辅常见,idiom-l3-0830,成语-综合,L3
idiom,L3,,做事违反常理，不择手段（四字）,倒行逆施,成语;综合;小升初高频,小学成语培优全书·教辅常见,idiom-l3-0831,成语-综合,L3
idiom,L3,,仗着岁数大，摆老资格（四字）,倚老卖老,成语;综合;小升初高频,小学成语培优全书·教辅常见,idiom-l3-0832,成语-综合,L3
idiom,L3,,自己不出面，借别人的手去害人（四字）,借刀杀人,成语;综合;小升初高频,小学成语培优全书·教辅常见,idiom-l3-0833,成语-综合,L3
idiom,L3,,全部家产都被弄光了（四字）,倾家荡产,成语;综合;小升初高频,小学成语培优全书·教辅常见,idiom-l3-0834,成语-综合,L3
idiom,L3,,行军时隐蔽行踪，不让敌人觉察（四字）,偃旗息鼓,成语;综合;小升初高频,小学成语培优全书·教辅常见,idiom-l3-0835,成语-综合,L3
idiom,L3,,步伐矫健，跑得飞快（四字）,健步如飞,成语;综合;小升初高频,小学成语培优全书·教辅常见,idiom-l3-0836,成语-综合,L3
idiom,L3,,暗中改变事物的真相，以达到蒙混欺骗的目的（四字）,偷天换日,成语;综合;小升初高频,小学成语培优全书·教辅常见,idiom-l3-0837,成语-综合,L3
idiom,L3,,有意不听别人的意见（四字）,充耳不闻,成语;综合;小升初高频,小学成语培优全书·教辅常见,idiom-l3-0838,成语-综合,L3
idiom,L3,,小学教辅常见成语（四字）,先人后己,成语;综合;小升初高频,小学成语培优全书·教辅常见,idiom-l3-0839,成语-综合,L3
idiom,L3,,先听进去的话或先获得的印象往往在头脑中占有主导（四字）,先入为主,成语;综合;小升初高频,小学成语培优全书·教辅常见,idiom-l3-0840,成语-综合,L3
idiom,L3,,丢动手的牌主动地位，可以控制对方◇也泛指争取主动（四字）,先发制人,成语;综合;小升初高频,小学成语培优全书·教辅常见,idiom-l3-0841,成语-综合,L3
idiom,L3,,臣子先把人处决了，然后再报告帝王（四字）,先斩后奏,成语;综合;小升初高频,小学成语培优全书·教辅常见,idiom-l3-0842,成语-综合,L3
idiom,L3,,小学教辅常见成语（四字）,先见之明,成语;综合;小升初高频,小学成语培优全书·教辅常见,idiom-l3-0843,成语-综合,L3
idiom,L3,,鲜艳耀眼（四字）,光彩夺目,成语;综合;小升初高频,小学成语培优全书·教辅常见,idiom-l3-0844,成语-综合,L3
idiom,L3,,明白不偏邪（四字）,光明正大,成语;综合;小升初高频,小学成语培优全书·教辅常见,idiom-l3-0845,成语-综合,L3
idiom,L3,,胸怀坦白，正大光明（四字）,光明磊落,成语;综合;小升初高频,小学成语培优全书·教辅常见,idiom-l3-0846,成语-综合,L3
idiom,L3,,事情彻底失败（四字）,全军覆没,成语;综合;小升初高频,小学成语培优全书·教辅常见,idiom-l3-0847,成语-综合,L3
idiom,L3,,把全部力量都投入进去（四字）,全力以赴,成语;综合;小升初高频,小学成语培优全书·教辅常见,idiom-l3-0848,成语-综合,L3
idiom,L3,,小学教辅常见成语（四字）,全心全意,成语;综合;小升初高频,小学成语培优全书·教辅常见,idiom-l3-0849,成语-综合,L3
idiom,L3,,注意力高度集中（四字）,全神贯注,成语;综合;小升初高频,小学成语培优全书·教辅常见,idiom-l3-0850,成语-综合,L3
idiom,L3,,小学教辅常见成语（四字）,关怀备至,成语;综合;小升初高频,小学成语培优全书·教辅常见,idiom-l3-0851,成语-综合,L3
idiom,L3,,小学教辅常见成语（四字）,兴旺发达,成语;综合;小升初高频,小学成语培优全书·教辅常见,idiom-l3-0852,成语-综合,L3
idiom,L3,,含义深刻，使人回味不尽（四字）,其味无穷,成语;综合;小升初高频,小学成语培优全书·教辅常见,idiom-l3-0853,成语-综合,L3
idiom,L3,,小学教辅常见成语（四字）,养尊处优,成语;综合;小升初高频,小学成语培优全书·教辅常见,idiom-l3-0854,成语-综合,L3
idiom,L3,,保养精神，蓄集力量（四字）,养精蓄锐,成语;综合;小升初高频,小学成语培优全书·教辅常见,idiom-l3-0855,成语-综合,L3
idiom,L3,,公鸡相斗，每次交锋以前先磨一下嘴（四字）,再接再厉,成语;综合;小升初高频,小学成语培优全书·教辅常见,idiom-l3-0856,成语-综合,L3
idiom,L3,,仇人或不愿意见面的人偏偏相遇（四字）,冤家路窄,成语;综合;小升初高频,小学成语培优全书·教辅常见,idiom-l3-0857,成语-综合,L3
idiom,L3,,愚昧无知（四字）,冥顽不灵,成语;综合;小升初高频,小学成语培优全书·教辅常见,idiom-l3-0858,成语-综合,L3
idiom,L3,,作战勇猛（四字）,冲锋陷阵,成语;综合;小升初高频,小学成语培优全书·教辅常见,idiom-l3-0859,成语-综合,L3
idiom,L3,,冷不热情，引伸为严峻（四字）,冷嘲热讽,成语;综合;小升初高频,小学成语培优全书·教辅常见,idiom-l3-0860,成语-综合,L3
idiom,L3,,凶恶的神◇用来形容非常凶恶的人（四字）,凶神恶煞,成语;综合;小升初高频,小学成语培优全书·教辅常见,idiom-l3-0861,成语-综合,L3
idiom,L3,,出人意料（四字）,出乎意料,成语;综合;小升初高频,小学成语培优全书·教辅常见,idiom-l3-0862,成语-综合,L3
idiom,L3,,高人一等（四字）,出人头地,成语;综合;小升初高频,小学成语培优全书·教辅常见,idiom-l3-0863,成语-综合,L3
idiom,L3,,趁对方没有意料到就采取行动（四字）,出其不意,成语;综合;小升初高频,小学成语培优全书·教辅常见,idiom-l3-0864,成语-综合,L3
idiom,L3,,文思敏捷，口才好（四字）,出口成章,成语;综合;小升初高频,小学成语培优全书·教辅常见,idiom-l3-0865,成语-综合,L3
idiom,L3,,用对方意料不到的方法取得胜利（四字）,出奇制胜,成语;综合;小升初高频,小学成语培优全书·教辅常见,idiom-l3-0866,成语-综合,L3
idiom,L3,,人的言行反复无常，前后自相矛盾（四字）,出尔反尔,成语;综合;小升初高频,小学成语培优全书·教辅常见,idiom-l3-0867,成语-综合,L3
idiom,L3,,冒着生命危险，不顾个人安危（四字）,出生入死,成语;综合;小升初高频,小学成语培优全书·教辅常见,idiom-l3-0868,成语-综合,L3
idiom,L3,,多指人的品德才能（四字）,出类拔萃,成语;综合;小升初高频,小学成语培优全书·教辅常见,idiom-l3-0869,成语-综合,L3
idiom,L3,,西汉匡衡凿穿墙壁引邻舍之烛光读书◇用来形容家贫而（四字）,凿壁偷光,成语;综合;小升初高频,小学成语培优全书·教辅常见,idiom-l3-0870,成语-综合,L3
idiom,L3,,抓紧时间（四字）,分秒必争,成语;综合;小升初高频,小学成语培优全书·教辅常见,idiom-l3-0871,成语-综合,L3
idiom,L3,,目标不同，各走各的路或各干各的事（四字）,分道扬镳,成语;综合;小升初高频,小学成语培优全书·教辅常见,idiom-l3-0872,成语-综合,L3
idiom,L3,,十分固执自信，不考虑别人的意见（四字）,刚愎自用,成语;综合;小升初高频,小学成语培优全书·教辅常见,idiom-l3-0873,成语-综合,L3
idiom,L3,,刚强正直，不逢迎，无偏私（四字）,刚正不阿,成语;综合;小升初高频,小学成语培优全书·教辅常见,idiom-l3-0874,成语-综合,L3
idiom,L3,,小学教辅常见成语（四字）,利害得失,成语;综合;小升初高频,小学成语培优全书·教辅常见,idiom-l3-0875,成语-综合,L3
idiom,L3,,想出的办法与众不同（四字）,别出心裁,成语;综合;小升初高频,小学成语培优全书·教辅常见,idiom-l3-0876,成语-综合,L3
idiom,L3,,另外创出一种新的形式或局面（四字）,别开生面,成语;综合;小升初高频,小学成语培优全书·教辅常见,idiom-l3-0877,成语-综合,L3
idiom,L3,,别人已有进步，不能再用老眼光去看他（四字）,刮目相看,成语;综合;小升初高频,小学成语培优全书·教辅常见,idiom-l3-0878,成语-综合,L3
idiom,L3,,短暂的时间（四字）,刻不容缓,成语;综合;小升初高频,小学成语培优全书·教辅常见,idiom-l3-0879,成语-综合,L3
idiom,L3,,斗争的英勇壮烈（四字）,前仆后继,成语;综合;小升初高频,小学成语培优全书·教辅常见,idiom-l3-0880,成语-综合,L3
idiom,L3,,大笑或困倦得直不起腰的样子（四字）,前仰后合,成语;综合;小升初高频,小学成语培优全书·教辅常见,idiom-l3-0881,成语-综合,L3
idiom,L3,,以前的努力全部白费（四字）,前功尽弃,成语;综合;小升初高频,小学成语培优全书·教辅常见,idiom-l3-0882,成语-综合,L3
idiom,L3,,事情的整个过程（四字）,前因后果,成语;综合;小升初高频,小学成语培优全书·教辅常见,idiom-l3-0883,成语-综合,L3
idiom,L3,,先前的失败，可以做为以后的教训（四字）,前车之鉴,成语;综合;小升初高频,小学成语培优全书·教辅常见,idiom-l3-0884,成语-综合,L3
idiom,L3,,书法笔力遒劲◇多形容气势逼人，或形势紧张，一触即（四字）,剑拔弩张,成语;综合;小升初高频,小学成语培优全书·教辅常见,idiom-l3-0885,成语-综合,L3
idiom,L3,,小学教辅常见成语（四字）,力不从心,成语;综合;小升初高频,小学成语培优全书·教辅常见,idiom-l3-0886,成语-综合,L3
idiom,L3,,先进的地位（四字）,力争上游,成语;综合;小升初高频,小学成语培优全书·教辅常见,idiom-l3-0887,成语-综合,L3
idiom,L3,,尽力挽回危险的局势（四字）,力挽狂澜,成语;综合;小升初高频,小学成语培优全书·教辅常见,idiom-l3-0888,成语-综合,L3
idiom,L3,,书法刚劲有力，笔锋简直要透到纸张背面（四字）,力透纸背,成语;综合;小升初高频,小学成语培优全书·教辅常见,idiom-l3-0889,成语-综合,L3
idiom,L3,,立了功而不把功劳归于自己（四字）,功成不居,成语;综合;小升初高频,小学成语培优全书·教辅常见,idiom-l3-0890,成语-综合,L3
idiom,L3,,小学教辅常见成语（四字）,功成名就,成语;综合;小升初高频,小学成语培优全书·教辅常见,idiom-l3-0891,成语-综合,L3
idiom,L3,,事情在将要成功的时候遭到了失败（四字）,功败垂成,成语;综合;小升初高频,小学成语培优全书·教辅常见,idiom-l3-0892,成语-综合,L3
idiom,L3,,官职提升（四字）,加官进爵,成语;综合;小升初高频,小学成语培优全书·教辅常见,idiom-l3-0893,成语-综合,L3
idiom,L3,,事物激动人心（四字）,动人心弦,成语;综合;小升初高频,小学成语培优全书·教辅常见,idiom-l3-0894,成语-综合,L3
idiom,L3,,小学教辅常见成语（四字）,助人为乐,成语;综合;小升初高频,小学成语培优全书·教辅常见,idiom-l3-0895,成语-综合,L3
idiom,L3,,经历灾难以后幸存下来的生命（四字）,劫后余生,成语;综合;小升初高频,小学成语培优全书·教辅常见,idiom-l3-0896,成语-综合,L3
idiom,L3,,小学教辅常见成语（四字）,劳苦功高,成语;综合;小升初高频,小学成语培优全书·教辅常见,idiom-l3-0897,成语-综合,L3
idiom,L3,,小学教辅常见成语（四字）,势不可挡,成语;综合;小升初高频,小学成语培优全书·教辅常见,idiom-l3-0898,成语-综合,L3
idiom,L3,,双方力量相等，不分高低（四字）,势均力敌,成语;综合;小升初高频,小学成语培优全书·教辅常见,idiom-l3-0899,成语-综合,L3
idiom,L3,,节节胜利，毫无阻碍（四字）,势如破竹,成语;综合;小升初高频,小学成语培优全书·教辅常见,idiom-l3-0900,成语-综合,L3
idiom,L3,,宫室建筑结构的交错和精巧◇比喻用尽心机，明争暗斗（四字）,勾心斗角,成语;综合;小升初高频,小学成语培优全书·教辅常见,idiom-l3-0901,成语-综合,L3
idiom,L3,,全部消失或完全落空（四字）,化为乌有,成语;综合;小升初高频,小学成语培优全书·教辅常见,idiom-l3-0902,成语-综合,L3
idiom,L3,,转危为安（四字）,化险为夷,成语;综合;小升初高频,小学成语培优全书·教辅常见,idiom-l3-0903,成语-综合,L3
idiom,L3,,独创性地运用精巧的心思（四字）,匠心独运,成语;综合;小升初高频,小学成语培优全书·教辅常见,idiom-l3-0904,成语-综合,L3
idiom,L3,,学识或技能由浅入深，循序渐进，逐步达到很高的成就（四字）,升堂入室,成语;综合;小升初高频,小学成语培优全书·教辅常见,idiom-l3-0905,成语-综合,L3
idiom,L3,,装腔作势假意推辞的样子（四字）,半推半就,成语;综合;小升初高频,小学成语培优全书·教辅常见,idiom-l3-0906,成语-综合,L3
idiom,L3,,做事不能坚持到底，中途停顿，有始无终（四字）,半途而废,成语;综合;小升初高频,小学成语培优全书·教辅常见,idiom-l3-0907,成语-综合,L3
idiom,L3,,小学教辅常见成语（四字）,华灯初上,成语;综合;小升初高频,小学成语培优全书·教辅常见,idiom-l3-0908,成语-综合,L3
idiom,L3,,外表好看，内容空虚（四字）,华而不实,成语;综合;小升初高频,小学成语培优全书·教辅常见,idiom-l3-0909,成语-综合,L3
idiom,L3,,有突出的成绩和效果（四字）,卓有成效,成语;综合;小升初高频,小学成语培优全书·教辅常见,idiom-l3-0910,成语-综合,L3
idiom,L3,,认定目标，勇猛精进◇比喻说话直接了当，不绕弯子（四字）,单刀直入,成语;综合;小升初高频,小学成语培优全书·教辅常见,idiom-l3-0911,成语-综合,L3
idiom,L3,,思想和学识广博高深（四字）,博大精深,成语;综合;小升初高频,小学成语培优全书·教辅常见,idiom-l3-0912,成语-综合,L3
idiom,L3,,故意说些夸大的吓人的话，使人惊疑震动（四字）,危言耸听,成语;综合;小升初高频,小学成语培优全书·教辅常见,idiom-l3-0913,成语-综合,L3
idiom,L3,,对两方面的待遇不同（四字）,厚此薄彼,成语;综合;小升初高频,小学成语培优全书·教辅常见,idiom-l3-0914,成语-综合,L3
idiom,L3,,完全按照原样，一点不加变动（四字）,原封不动,成语;综合;小升初高频,小学成语培优全书·教辅常见,idiom-l3-0915,成语-综合,L3
idiom,L3,,伪装被彻底揭开（四字）,原形毕露,成语;综合;小升初高频,小学成语培优全书·教辅常见,idiom-l3-0916,成语-综合,L3
idiom,L3,,小学教辅常见成语（四字）,双管齐下,成语;综合;小升初高频,小学成语培优全书·教辅常见,idiom-l3-0917,成语-综合,L3
idiom,L3,,小学教辅常见成语（四字）,反败为胜,成语;综合;小升初高频,小学成语培优全书·教辅常见,idiom-l3-0918,成语-综合,L3
idiom,L3,,回过头来检查自己的言行得失（四字）,反躬自省,成语;综合;小升初高频,小学成语培优全书·教辅常见,idiom-l3-0919,成语-综合,L3
idiom,L3,,指挥别人（四字）,发号施令,成语;综合;小升初高频,小学成语培优全书·教辅常见,idiom-l3-0920,成语-综合,L3
idiom,L3,,决心奋斗，努力谋求强盛（四字）,发愤图强,成语;综合;小升初高频,小学成语培优全书·教辅常见,idiom-l3-0921,成语-综合,L3
idiom,L3,,在同类事物中吸取这个的长处来弥补那个的短处（四字）,取长补短,成语;综合;小升初高频,小学成语培优全书·教辅常见,idiom-l3-0922,成语-综合,L3
idiom,L3,,变化极多（四字）,变化多端,成语;综合;小升初高频,小学成语培优全书·教辅常见,idiom-l3-0923,成语-综合,L3
idiom,L3,,事物经常变化，没有规律性（四字）,变化无常,成语;综合;小升初高频,小学成语培优全书·教辅常见,idiom-l3-0924,成语-综合,L3
idiom,L3,,变化很多，不能预料（四字）,变幻莫测,成语;综合;小升初高频,小学成语培优全书·教辅常见,idiom-l3-0925,成语-综合,L3
idiom,L3,,心口不一致（四字）,口是心非,成语;综合;小升初高频,小学成语培优全书·教辅常见,idiom-l3-0926,成语-综合,L3
idiom,L3,,能说会辨，说起来没个完（四字）,口若悬河,成语;综合;小升初高频,小学成语培优全书·教辅常见,idiom-l3-0927,成语-综合,L3
idiom,L3,,很长一段时间（四字）,古往今来,成语;综合;小升初高频,小学成语培优全书·教辅常见,idiom-l3-0928,成语-综合,L3
idiom,L3,,小学教辅常见成语（四字）,古树参天,成语;综合;小升初高频,小学成语培优全书·教辅常见,idiom-l3-0929,成语-综合,L3
idiom,L3,,器物书画等富有古雅的色彩和情调（四字）,古色古香,成语;综合;小升初高频,小学成语培优全书·教辅常见,idiom-l3-0930,成语-综合,L3
idiom,L3,,小学教辅常见成语（四字）,可乘之机,成语;综合;小升初高频,小学成语培优全书·教辅常见,idiom-l3-0931,成语-综合,L3
idiom,L3,,英勇悲壮的感人事迹（四字）,可歌可泣,成语;综合;小升初高频,小学成语培优全书·教辅常见,idiom-l3-0932,成语-综合,L3
idiom,L3,,前所未有（四字）,史无前例,成语;综合;小升初高频,小学成语培优全书·教辅常见,idiom-l3-0933,成语-综合,L3
idiom,L3,,某事常见，不足为奇（四字）,司空见惯,成语;综合;小升初高频,小学成语培优全书·教辅常见,idiom-l3-0934,成语-综合,L3
idiom,L3,,能过困苦的生活，也经得起劳累（四字）,吃苦耐劳,成语;综合;小升初高频,小学成语培优全书·教辅常见,idiom-l3-0935,成语-综合,L3
idiom,L3,,各人按不同的志向，寻找自己的前途（四字）,各奔前程,成语;综合;小升初高频,小学成语培优全书·教辅常见,idiom-l3-0936,成语-综合,L3
idiom,L3,,各人都得到满足◇指每个人或事物都得到恰当的位置或（四字）,各得其所,成语;综合;小升初高频,小学成语培优全书·教辅常见,idiom-l3-0937,成语-综合,L3
idiom,L3,,各人充分发表自己的意见（四字）,各抒己见,成语;综合;小升初高频,小学成语培优全书·教辅常见,idiom-l3-0938,成语-综合,L3
idiom,L3,,各搞一套（四字）,各行其是,成语;综合;小升初高频,小学成语培优全书·教辅常见,idiom-l3-0939,成语-综合,L3
idiom,L3,,一起死亡或一同毁灭（四字）,同归于尽,成语;综合;小升初高频,小学成语培优全书·教辅常见,idiom-l3-0940,成语-综合,L3
idiom,L3,,团结一致，共同努力（四字）,同心协力,成语;综合;小升初高频,小学成语培优全书·教辅常见,idiom-l3-0941,成语-综合,L3
idiom,L3,,思想统一，信念一致（四字）,同心同德,成语;综合;小升初高频,小学成语培优全书·教辅常见,idiom-l3-0942,成语-综合,L3
idiom,L3,,跟坏人一起干坏事（四字）,同流合污,成语;综合;小升初高频,小学成语培优全书·教辅常见,idiom-l3-0943,成语-综合,L3
idiom,L3,,共同享受幸福，共同担当艰苦（四字）,同甘共苦,成语;综合;小升初高频,小学成语培优全书·教辅常见,idiom-l3-0944,成语-综合,L3
idiom,L3,,因有同样的遭遇或痛苦而互相同情（四字）,同病相怜,成语;综合;小升初高频,小学成语培优全书·教辅常见,idiom-l3-0945,成语-综合,L3
idiom,L3,,团结互助，同心协力，战胜困难（四字）,同舟共济,成语;综合;小升初高频,小学成语培优全书·教辅常见,idiom-l3-0946,成语-综合,L3
idiom,L3,,空有虚名（四字）,名不副实,成语;综合;小升初高频,小学成语培优全书·教辅常见,idiom-l3-0947,成语-综合,L3
idiom,L3,,实在很好，不是空有虚名（四字）,名不虚传,成语;综合;小升初高频,小学成语培优全书·教辅常见,idiom-l3-0948,成语-综合,L3
idiom,L3,,名次列在前面（四字）,名列前茅,成语;综合;小升初高频,小学成语培优全书·教辅常见,idiom-l3-0949,成语-综合,L3
idiom,L3,,小学教辅常见成语（四字）,名副其实,成语;综合;小升初高频,小学成语培优全书·教辅常见,idiom-l3-0950,成语-综合,L3
idiom,L3,,小学教辅常见成语（四字）,名存实亡,成语;综合;小升初高频,小学成语培优全书·教辅常见,idiom-l3-0951,成语-综合,L3
idiom,L3,,小学教辅常见成语（四字）,后患无穷,成语;综合;小升初高频,小学成语培优全书·教辅常见,idiom-l3-0952,成语-综合,L3
idiom,L3,,有以称赞后起之秀超过前辈（四字）,后来居上,成语;综合;小升初高频,小学成语培优全书·教辅常见,idiom-l3-0953,成语-综合,L3
idiom,L3,,青年人能超过前辈（四字）,后生可畏,成语;综合;小升初高频,小学成语培优全书·教辅常见,idiom-l3-0954,成语-综合,L3
idiom,L3,,有后人继承前人的事业（四字）,后继有人,成语;综合;小升初高频,小学成语培优全书·教辅常见,idiom-l3-0955,成语-综合,L3
idiom,L3,,在前进过程中，担心后方发生问题（四字）,后顾之忧,成语;综合;小升初高频,小学成语培优全书·教辅常见,idiom-l3-0956,成语-综合,L3
idiom,L3,,暗中攻击或陷害人（四字）,含沙射影,成语;综合;小升初高频,小学成语培优全书·教辅常见,idiom-l3-0957,成语-综合,L3
idiom,L3,,有顾虑，不敢把话照直说出来（四字）,含糊其辞,成语;综合;小升初高频,小学成语培优全书·教辅常见,idiom-l3-0958,成语-综合,L3
idiom,L3,,忍受辛苦或吃尽辛苦（四字）,含辛茹苦,成语;综合;小升初高频,小学成语培优全书·教辅常见,idiom-l3-0959,成语-综合,L3
idiom,L3,,碰机会，该怎么样就怎么样（四字）,听天由命,成语;综合;小升初高频,小学成语培优全书·教辅常见,idiom-l3-0960,成语-综合,L3
idiom,L3,,故意挑剔别人的缺点，寻找差错（四字）,吹毛求疵,成语;综合;小升初高频,小学成语培优全书·教辅常见,idiom-l3-0961,成语-综合,L3
idiom,L3,,思想、行动迟钝笨拙（四字）,呆头呆脑,成语;综合;小升初高频,小学成语培优全书·教辅常见,idiom-l3-0962,成语-综合,L3
idiom,L3,,用尽心思（四字）,呕心沥血,成语;综合;小升初高频,小学成语培优全书·教辅常见,idiom-l3-0963,成语-综合,L3
idiom,L3,,转了一圈又一圈，不断循环（四字）,周而复始,成语;综合;小升初高频,小学成语培优全书·教辅常见,idiom-l3-0964,成语-综合,L3
idiom,L3,,语言或文章枯燥无味（四字）,味同嚼蜡,成语;综合;小升初高频,小学成语培优全书·教辅常见,idiom-l3-0965,成语-综合,L3
idiom,L3,,人像画得逼真，似乎叫一声就会从画中走出来（四字）,呼之欲出,成语;综合;小升初高频,小学成语培优全书·教辅常见,idiom-l3-0966,成语-综合,L3
idiom,L3,,小学教辅常见成语（四字）,和睦相处,成语;综合;小升初高频,小学成语培优全书·教辅常见,idiom-l3-0967,成语-综合,L3
idiom,L3,,态度温和，容易接近（四字）,和蔼可亲,成语;综合;小升初高频,小学成语培优全书·教辅常见,idiom-l3-0968,成语-综合,L3
idiom,L3,,距离很近（四字）,咫尺天涯,成语;综合;小升初高频,小学成语培优全书·教辅常见,idiom-l3-0969,成语-综合,L3
idiom,L3,,过分地斟酌字句（四字）,咬文嚼字,成语;综合;小升初高频,小学成语培优全书·教辅常见,idiom-l3-0970,成语-综合,L3
idiom,L3,,全屋子的人同时大笑（四字）,哄堂大笑,成语;综合;小升初高频,小学成语培优全书·教辅常见,idiom-l3-0971,成语-综合,L3
idiom,L3,,理屈词穷的样子（四字）,哑口无言,成语;综合;小升初高频,小学成语培优全书·教辅常见,idiom-l3-0972,成语-综合,L3
idiom,L3,,关系密切，相互依靠（四字）,唇齿相依,成语;综合;小升初高频,小学成语培优全书·教辅常见,idiom-l3-0973,成语-综合,L3
idiom,L3,,小学教辅常见成语（四字）,唉声叹气,成语;综合;小升初高频,小学成语培优全书·教辅常见,idiom-l3-0974,成语-综合,L3
idiom,L3,,只要有利可图，什么事都干（四字）,唯利是图,成语;综合;小升初高频,小学成语培优全书·教辅常见,idiom-l3-0975,成语-综合,L3
idiom,L3,,处境尴尬或既令人难受又令人发笑的行为（四字）,啼笑皆非,成语;综合;小升初高频,小学成语培优全书·教辅常见,idiom-l3-0976,成语-综合,L3
idiom,L3,,人的各种不同的感情（四字）,喜怒哀乐,成语;综合;小升初高频,小学成语培优全书·教辅常见,idiom-l3-0977,成语-综合,L3
idiom,L3,,态度多变（四字）,喜怒无常,成语;综合;小升初高频,小学成语培优全书·教辅常见,idiom-l3-0978,成语-综合,L3
idiom,L3,,小学教辅常见成语（四字）,喜笑颜开,成语;综合;小升初高频,小学成语培优全书·教辅常见,idiom-l3-0979,成语-综合,L3
idiom,L3,,很受欢迎（四字）,喜闻乐见,成语;综合;小升初高频,小学成语培优全书·教辅常见,idiom-l3-0980,成语-综合,L3
idiom,L3,,外来的或次要的事物占据了原有的或主要的事物的位置（四字）,喧宾夺主,成语;综合;小升初高频,小学成语培优全书·教辅常见,idiom-l3-0981,成语-综合,L3
idiom,L3,,小学教辅常见成语（四字）,嗓音洪亮,成语;综合;小升初高频,小学成语培优全书·教辅常见,idiom-l3-0982,成语-综合,L3
idiom,L3,,吃过东西以后的余味（四字）,回味无穷,成语;综合;小升初高频,小学成语培优全书·教辅常见,idiom-l3-0983,成语-综合,L3
idiom,L3,,顺着事情发展的趋势，加以引导（四字）,因势利导,成语;综合;小升初高频,小学成语培优全书·教辅常见,idiom-l3-0984,成语-综合,L3
idiom,L3,,要做的事情由于出了点小毛病或怕出问题就索性不去干（四字）,因噎废食,成语;综合;小升初高频,小学成语培优全书·教辅常见,idiom-l3-0985,成语-综合,L3
idiom,L3,,根据各地的具体情况，制定适宜的办法（四字）,因地制宜,成语;综合;小升初高频,小学成语培优全书·教辅常见,idiom-l3-0986,成语-综合,L3
idiom,L3,,小学教辅常见成语（四字）,因小失大,成语;综合;小升初高频,小学成语培优全书·教辅常见,idiom-l3-0987,成语-综合,L3
idiom,L3,,就着原来简陋的条件办事（四字）,因陋就简,成语;综合;小升初高频,小学成语培优全书·教辅常见,idiom-l3-0988,成语-综合,L3
idiom,L3,,小学教辅常见成语（四字）,团结互助,成语;综合;小升初高频,小学成语培优全书·教辅常见,idiom-l3-0989,成语-综合,L3
idiom,L3,,小学教辅常见成语（四字）,团结友爱,成语;综合;小升初高频,小学成语培优全书·教辅常见,idiom-l3-0990,成语-综合,L3
idiom,L3,,对事物不加分析思考（四字）,囫囵吞枣,成语;综合;小升初高频,小学成语培优全书·教辅常见,idiom-l3-0991,成语-综合,L3
idiom,L3,,在绝境中还要挣扎抵抗（四字）,困兽犹斗,成语;综合;小升初高频,小学成语培优全书·教辅常见,idiom-l3-0992,成语-综合,L3
idiom,L3,,战国时齐军用围攻魏国的方法，迫使魏国撤回攻赵部队（四字）,围魏救赵,成语;综合;小升初高频,小学成语培优全书·教辅常见,idiom-l3-0993,成语-综合,L3
idiom,L3,,小学教辅常见成语（四字）,国富民强,成语;综合;小升初高频,小学成语培优全书·教辅常见,idiom-l3-0994,成语-综合,L3
idiom,L3,,颜色和香气不同于一般花卉的牡丹花◇也形容女子的美（四字）,国色天香,成语;综合;小升初高频,小学成语培优全书·教辅常见,idiom-l3-0995,成语-综合,L3
idiom,L3,,事情发展到最后，真相或本意显露了出来（四字）,图穷匕见,成语;综合;小升初高频,小学成语培优全书·教辅常见,idiom-l3-0996,成语-综合,L3
idiom,L3,,谋划越出常规、法度之事（四字）,图谋不轨,成语;综合;小升初高频,小学成语培优全书·教辅常见,idiom-l3-0997,成语-综合,L3
idiom,L3,,小学教辅常见成语（四字）,圆满成功,成语;综合;小升初高频,小学成语培优全书·教辅常见,idiom-l3-0998,成语-综合,L3
idiom,L3,,事物的分裂（四字）,土崩瓦解,成语;综合;小升初高频,小学成语培优全书·教辅常见,idiom-l3-0999,成语-综合,L3
idiom,L3,,国家疆土辽阔，资源丰富（四字）,地大物博,成语;综合;小升初高频,小学成语培优全书·教辅常见,idiom-l3-1000,成语-综合,L3
idiom,L3,,自己不出力而享受别人取得的成果（四字）,坐享其成,成语;综合;小升初高频,小学成语培优全书·教辅常见,idiom-l3-1001,成语-综合,L3
idiom,L3,,在极端困难中，不积极想办法找出路（四字）,坐以待毙,成语;综合;小升初高频,小学成语培优全书·教辅常见,idiom-l3-1002,成语-综合,L3
idiom,L3,,心情紧张，情绪不安（四字）,坐立不安,成语;综合;小升初高频,小学成语培优全书·教辅常见,idiom-l3-1003,成语-综合,L3
idiom,L3,,坚持到底，一点不忪懈（四字）,坚持不懈,成语;综合;小升初高频,小学成语培优全书·教辅常见,idiom-l3-1004,成语-综合,L3
idiom,L3,,意志坚定，不可动摇（四字）,坚韧不拔,成语;综合;小升初高频,小学成语培优全书·教辅常见,idiom-l3-1005,成语-综合,L3
idiom,L3,,小学教辅常见成语（四字）,埋头苦干,成语;综合;小升初高频,小学成语培优全书·教辅常见,idiom-l3-1006,成语-综合,L3
idiom,L3,,小学教辅常见成语（四字）,境地尴尬,成语;综合;小升初高频,小学成语培优全书·教辅常见,idiom-l3-1007,成语-综合,L3
idiom,L3,,思想保守，守着老规矩不肯改变（四字）,墨守成规,成语;综合;小升初高频,小学成语培优全书·教辅常见,idiom-l3-1008,成语-综合,L3
idiom,L3,,造成要攻打东边的声势，实际上却攻打西边（四字）,声东击西,成语;综合;小升初高频,小学成语培优全书·教辅常见,idiom-l3-1009,成语-综合,L3
idiom,L3,,声威和气势非常壮大（四字）,声势浩大,成语;综合;小升初高频,小学成语培优全书·教辅常见,idiom-l3-1010,成语-综合,L3
idiom,L3,,竭力呼喊（四字）,声嘶力竭,成语;综合;小升初高频,小学成语培优全书·教辅常见,idiom-l3-1011,成语-综合,L3
idiom,L3,,说话或歌唱的声音洪亮，如同敲击大钟似的（四字）,声如洪钟,成语;综合;小升初高频,小学成语培优全书·教辅常见,idiom-l3-1012,成语-综合,L3
idiom,L3,,演唱的音色、唱腔和表达的感情都很动人（四字）,声情并茂,成语;综合;小升初高频,小学成语培优全书·教辅常见,idiom-l3-1013,成语-综合,L3
idiom,L3,,说话时声音和脸色都很严厉（四字）,声色俱厉,成语;综合;小升初高频,小学成语培优全书·教辅常见,idiom-l3-1014,成语-综合,L3
idiom,L3,,傍晚日落时的景象（四字）,夕阳西下,成语;综合;小升初高频,小学成语培优全书·教辅常见,idiom-l3-1015,成语-综合,L3
idiom,L3,,小学教辅常见成语（四字）,多如牛毛,成语;综合;小升初高频,小学成语培优全书·教辅常见,idiom-l3-1016,成语-综合,L3
idiom,L3,,小学教辅常见成语（四字）,多才多艺,成语;综合;小升初高频,小学成语培优全书·教辅常见,idiom-l3-1017,成语-综合,L3
idiom,L3,,人无知而又狂妄自大（四字）,夜郎自大,成语;综合;小升初高频,小学成语培优全书·教辅常见,idiom-l3-1018,成语-综合,L3
idiom,L3,,由于胸怀正义而神态庄严，令人敬畏（四字）,大义凛然,成语;综合;小升初高频,小学成语培优全书·教辅常见,idiom-l3-1019,成语-综合,L3
idiom,L3,,使用阔大的刀斧砍杀敌人◇比喻办事果断而有魄力（四字）,大刀阔斧,成语;综合;小升初高频,小学成语培优全书·教辅常见,idiom-l3-1020,成语-综合,L3
idiom,L3,,小学教辅常见成语（四字）,大同小异,成语;综合;小升初高频,小学成语培优全书·教辅常见,idiom-l3-1021,成语-综合,L3
idiom,L3,,小学教辅常见成语（四字）,大器晚成,成语;综合;小升初高频,小学成语培优全书·教辅常见,idiom-l3-1022,成语-综合,L3
idiom,L3,,小学教辅常见成语（四字）,大失所望,成语;综合;小升初高频,小学成语培优全书·教辅常见,idiom-l3-1023,成语-综合,L3
idiom,L3,,进攻的声势和规能大（四字）,大张旗鼓,成语;综合;小升初高频,小学成语培优全书·教辅常见,idiom-l3-1024,成语-综合,L3
idiom,L3,,坏人坏事受到惩罚或打击，使大家非常痛快（四字）,大快人心,成语;综合;小升初高频,小学成语培优全书·教辅常见,idiom-l3-1025,成语-综合,L3
idiom,L3,,小学教辅常见成语（四字）,大惊失色,成语;综合;小升初高频,小学成语培优全书·教辅常见,idiom-l3-1026,成语-综合,L3
idiom,L3,,对没有什么了不起的的事情过分惊讶（四字）,大惊小怪,成语;综合;小升初高频,小学成语培优全书·教辅常见,idiom-l3-1027,成语-综合,L3
idiom,L3,,人手大，脚大◇多用来形容花钱、用东西不节省（四字）,大手大脚,成语;综合;小升初高频,小学成语培优全书·教辅常见,idiom-l3-1028,成语-综合,L3
idiom,L3,,自以为了不起的傲慢神态（四字）,大摇大摆,成语;综合;小升初高频,小学成语培优全书·教辅常见,idiom-l3-1029,成语-综合,L3
idiom,L3,,小学教辅常见成语（四字）,大显身手,成语;综合;小升初高频,小学成语培优全书·教辅常见,idiom-l3-1030,成语-综合,L3
idiom,L3,,小学教辅常见成语（四字）,大有可为,成语;综合;小升初高频,小学成语培优全书·教辅常见,idiom-l3-1031,成语-综合,L3
idiom,L3,,使用不当，浪费人才（四字）,大材小用,成语;综合;小升初高频,小学成语培优全书·教辅常见,idiom-l3-1032,成语-综合,L3
idiom,L3,,态度傲慢，目中无人的样子（四字）,大模大样,成语;综合;小升初高频,小学成语培优全书·教辅常见,idiom-l3-1033,成语-综合,L3
idiom,L3,,极难找到（四字）,大海捞针,成语;综合;小升初高频,小学成语培优全书·教辅常见,idiom-l3-1034,成语-综合,L3
idiom,L3,,获得完全的胜利（四字）,大获全胜,成语;综合;小升初高频,小学成语培优全书·教辅常见,idiom-l3-1035,成语-综合,L3
idiom,L3,,大错特错，完全不是这样（四字）,大谬不然,成语;综合;小升初高频,小学成语培优全书·教辅常见,idiom-l3-1036,成语-综合,L3
idiom,L3,,地区各不相同（四字）,天南地北,成语;综合;小升初高频,小学成语培优全书·教辅常见,idiom-l3-1037,成语-综合,L3
idiom,L3,,差别极大（四字）,天壤之别,成语;综合;小升初高频,小学成语培优全书·教辅常见,idiom-l3-1038,成语-综合,L3
idiom,L3,,小学教辅常见成语（四字）,天差地别,成语;综合;小升初高频,小学成语培优全书·教辅常见,idiom-l3-1039,成语-综合,L3
idiom,L3,,极远的地方，或相隔极远（四字）,天涯海角,成语;综合;小升初高频,小学成语培优全书·教辅常见,idiom-l3-1040,成语-综合,L3
idiom,L3,,绝对正确，不能改变的道理（四字）,天经地义,成语;综合;小升初高频,小学成语培优全书·教辅常见,idiom-l3-1041,成语-综合,L3
idiom,L3,,上下四方设置的包围圈（四字）,天罗地网,成语;综合;小升初高频,小学成语培优全书·教辅常见,idiom-l3-1042,成语-综合,L3
idiom,L3,,变化巨大（四字）,天翻地覆,成语;综合;小升初高频,小学成语培优全书·教辅常见,idiom-l3-1043,成语-综合,L3
idiom,L3,,时间悠久（四字）,天长地久,成语;综合;小升初高频,小学成语培优全书·教辅常见,idiom-l3-1044,成语-综合,L3
idiom,L3,,人身中离开形体能存在的精神为魂，依附形体而显现（四字）,失魂落魄,成语;综合;小升初高频,小学成语培优全书·教辅常见,idiom-l3-1045,成语-综合,L3
idiom,L3,,人有大志，也比喻不自量力（四字）,夸父逐日,成语;综合;小升初高频,小学成语培优全书·教辅常见,idiom-l3-1046,成语-综合,L3
idiom,L3,,极大的耻辱（四字）,奇耻大辱,成语;综合;小升初高频,小学成语培优全书·教辅常见,idiom-l3-1047,成语-综合,L3
idiom,L3,,小学教辅常见成语（四字）,奋不顾身,成语;综合;小升初高频,小学成语培优全书·教辅常见,idiom-l3-1048,成语-综合,L3
idiom,L3,,振作精神，以求强盛（四字）,奋发图强,成语;综合;小升初高频,小学成语培优全书·教辅常见,idiom-l3-1049,成语-综合,L3
idiom,L3,,小学教辅常见成语（四字）,奔流不息,成语;综合;小升初高频,小学成语培优全书·教辅常见,idiom-l3-1050,成语-综合,L3
idiom,L3,,有重大的消息时，人们奔跑着相互转告（四字）,奔走相告,成语;综合;小升初高频,小学成语培优全书·教辅常见,idiom-l3-1051,成语-综合,L3
idiom,L3,,贪于吃喝，懒于做事（四字）,好吃懒做,成语;综合;小升初高频,小学成语培优全书·教辅常见,idiom-l3-1052,成语-综合,L3
idiom,L3,,贪图安逸，厌恶劳动（四字）,好逸恶劳,成语;综合;小升初高频,小学成语培优全书·教辅常见,idiom-l3-1053,成语-综合,L3
idiom,L3,,把本来不是很紧迫的形势看得十分严重（四字）,如临大敌,成语;综合;小升初高频,小学成语培优全书·教辅常见,idiom-l3-1054,成语-综合,L3
idiom,L3,,心神不定，坐立不安（四字）,如坐针毡,成语;综合;小升初高频,小学成语培优全书·教辅常见,idiom-l3-1055,成语-综合,L3
idiom,L3,,对所讲的事情十分熟悉（四字）,如数家珍,成语;综合;小升初高频,小学成语培优全书·教辅常见,idiom-l3-1056,成语-综合,L3
idiom,L3,,事物正发展到十分兴盛的阶段（四字）,如日中天,成语;综合;小升初高频,小学成语培优全书·教辅常见,idiom-l3-1057,成语-综合,L3
idiom,L3,,过去一直糊涂，在别人或事实的启发下，刚刚明白过来（四字）,如梦初醒,成语;综合;小升初高频,小学成语培优全书·教辅常见,idiom-l3-1058,成语-综合,L3
idiom,L3,,按照一定的方法制作中药（四字）,如法炮制,成语;综合;小升初高频,小学成语培优全书·教辅常见,idiom-l3-1059,成语-综合,L3
idiom,L3,,军容之盛（四字）,如火如荼,成语;综合;小升初高频,小学成语培优全书·教辅常见,idiom-l3-1060,成语-综合,L3
idiom,L3,,感情炽烈，难舍难分（四字）,如胶似漆,成语;综合;小升初高频,小学成语培优全书·教辅常见,idiom-l3-1061,成语-综合,L3
idiom,L3,,紧张心情过去以后的的轻松愉快（四字）,如释重负,成语;综合;小升初高频,小学成语培优全书·教辅常见,idiom-l3-1062,成语-综合,L3
idiom,L3,,人的名声大（四字）,如雷贯耳,成语;综合;小升初高频,小学成语培优全书·教辅常见,idiom-l3-1063,成语-综合,L3
idiom,L3,,要求很迫切，好象饿了急着要吃饭，渴了急着要喝水一（四字）,如饥似渴,成语;综合;小升初高频,小学成语培优全书·教辅常见,idiom-l3-1064,成语-综合,L3
idiom,L3,,狂妄自大，不把别人放眼里（四字）,妄自尊大,成语;综合;小升初高频,小学成语培优全书·教辅常见,idiom-l3-1065,成语-综合,L3
idiom,L3,,用荒谬的鬼话迷惑人（四字）,妖言惑众,成语;综合;小升初高频,小学成语培优全书·教辅常见,idiom-l3-1066,成语-综合,L3
idiom,L3,,好得难以用文字、语言表达（四字）,妙不可言,成语;综合;小升初高频,小学成语培优全书·教辅常见,idiom-l3-1067,成语-综合,L3
idiom,L3,,巧妙风趣的话一个接一个（四字）,妙语连珠,成语;综合;小升初高频,小学成语培优全书·教辅常见,idiom-l3-1068,成语-综合,L3
idiom,L3,,小学教辅常见成语（四字）,始终不渝,成语;综合;小升初高频,小学成语培优全书·教辅常见,idiom-l3-1069,成语-综合,L3
idiom,L3,,为了顾全大局而让步（四字）,委曲求全,成语;综合;小升初高频,小学成语培优全书·教辅常见,idiom-l3-1070,成语-综合,L3
idiom,L3,,各种花朵娇艳美丽（四字）,姹紫嫣红,成语;综合;小升初高频,小学成语培优全书·教辅常见,idiom-l3-1071,成语-综合,L3
idiom,L3,,从小就被溺爱、娇养惯了（四字）,娇生惯养,成语;综合;小升初高频,小学成语培优全书·教辅常见,idiom-l3-1072,成语-综合,L3
idiom,L3,,对坏人坏事如同对仇敌一样憎恨（四字）,嫉恶如仇,成语;综合;小升初高频,小学成语培优全书·教辅常见,idiom-l3-1073,成语-综合,L3
idiom,L3,,假设的、不存在的、不真实的事情（四字）,子虚乌有,成语;综合;小升初高频,小学成语培优全书·教辅常见,idiom-l3-1074,成语-综合,L3
idiom,L3,,写文章或说话时慎重细致，一字一句地推敲琢磨（四字）,字斟句酌,成语;综合;小升初高频,小学成语培优全书·教辅常见,idiom-l3-1075,成语-综合,L3
idiom,L3,,力量孤单，难以成事（四字）,孤掌难鸣,成语;综合;小升初高频,小学成语培优全书·教辅常见,idiom-l3-1076,成语-综合,L3
idiom,L3,,小学教辅常见成语（四字）,孤立无援,成语;综合;小升初高频,小学成语培优全书·教辅常见,idiom-l3-1077,成语-综合,L3
idiom,L3,,自命清高（四字）,孤芳自赏,成语;综合;小升初高频,小学成语培优全书·教辅常见,idiom-l3-1078,成语-综合,L3
idiom,L3,,学识浅陋，见闻不广（四字）,孤陋寡闻,成语;综合;小升初高频,小学成语培优全书·教辅常见,idiom-l3-1079,成语-综合,L3
idiom,L3,,小学教辅常见成语（四字）,宁死不屈,成语;综合;小升初高频,小学成语培优全书·教辅常见,idiom-l3-1080,成语-综合,L3
idiom,L3,,说话谨慎，严守秘密（四字）,守口如瓶,成语;综合;小升初高频,小学成语培优全书·教辅常见,idiom-l3-1081,成语-综合,L3
idiom,L3,,规矩老实，守本分，不做违法的事（四字）,安分守己,成语;综合;小升初高频,小学成语培优全书·教辅常见,idiom-l3-1082,成语-综合,L3
idiom,L3,,以从容的步行代替乘车（四字）,安步当车,成语;综合;小升初高频,小学成语培优全书·教辅常见,idiom-l3-1083,成语-综合,L3
idiom,L3,,人平安没有疾病（四字）,安然无恙,成语;综合;小升初高频,小学成语培优全书·教辅常见,idiom-l3-1084,成语-综合,L3
idiom,L3,,小学教辅常见成语（四字）,完好无损,成语;综合;小升初高频,小学成语培优全书·教辅常见,idiom-l3-1085,成语-综合,L3
idiom,L3,,从实际对象出发，探求事物的内部联系及其发展的规律（四字）,实事求是,成语;综合;小升初高频,小学成语培优全书·教辅常见,idiom-l3-1086,成语-综合,L3
idiom,L3,,真诚实在的心意（四字）,实心实意,成语;综合;小升初高频,小学成语培优全书·教辅常见,idiom-l3-1087,成语-综合,L3
idiom,L3,,有了真正的学识、本领或功业，自然就有声誉（四字）,实至名归,成语;综合;小升初高频,小学成语培优全书·教辅常见,idiom-l3-1088,成语-综合,L3
idiom,L3,,人所共知（四字）,家喻户晓,成语;综合;小升初高频,小学成语培优全书·教辅常见,idiom-l3-1089,成语-综合,L3
idiom,L3,,以宽宏大度的态度来对待别人（四字）,宽以待人,成语;综合;小升初高频,小学成语培优全书·教辅常见,idiom-l3-1090,成语-综合,L3
idiom,L3,,度量大，能容人（四字）,宽宏大量,成语;综合;小升初高频,小学成语培优全书·教辅常见,idiom-l3-1091,成语-综合,L3
idiom,L3,,小学教辅常见成语（四字）,宽容大度,成语;综合;小升初高频,小学成语培优全书·教辅常见,idiom-l3-1092,成语-综合,L3
idiom,L3,,来客很多（四字）,宾客盈门,成语;综合;小升初高频,小学成语培优全书·教辅常见,idiom-l3-1093,成语-综合,L3
idiom,L3,,招待客人热情周到（四字）,宾至如归,成语;综合;小升初高频,小学成语培优全书·教辅常见,idiom-l3-1094,成语-综合,L3
idiom,L3,,依附别人生活（四字）,寄人篱下,成语;综合;小升初高频,小学成语培优全书·教辅常见,idiom-l3-1095,成语-综合,L3
idiom,L3,,经济困难，收入不够支出，预先支用了以后的进项（四字）,寅吃卯粮,成语;综合;小升初高频,小学成语培优全书·教辅常见,idiom-l3-1096,成语-综合,L3
idiom,L3,,房屋宏伟豪华（四字）,富丽堂皇,成语;综合;小升初高频,小学成语培优全书·教辅常见,idiom-l3-1097,成语-综合,L3
idiom,L3,,人少的抵挡不住人多的（四字）,寡不敌众,成语;综合;小升初高频,小学成语培优全书·教辅常见,idiom-l3-1098,成语-综合,L3
idiom,L3,,走路困难（四字）,寸步难行,成语;综合;小升初高频,小学成语培优全书·教辅常见,idiom-l3-1099,成语-综合,L3
idiom,L3,,用以讥笑说话的人不看对象（四字）,对牛弹琴,成语;综合;小升初高频,小学成语培优全书·教辅常见,idiom-l3-1100,成语-综合,L3
idiom,L3,,口才好，反应快（四字）,对答如流,成语;综合;小升初高频,小学成语培优全书·教辅常见,idiom-l3-1101,成语-综合,L3
idiom,L3,,追问一件事的原由（四字）,寻根究底,成语;综合;小升初高频,小学成语培优全书·教辅常见,idiom-l3-1102,成语-综合,L3
idiom,L3,,小学教辅常见成语（四字）,将计就计,成语;综合;小升初高频,小学成语培优全书·教辅常见,idiom-l3-1103,成语-综合,L3
idiom,L3,,小学教辅常见成语（四字）,尊老爱幼,成语;综合;小升初高频,小学成语培优全书·教辅常见,idiom-l3-1104,成语-综合,L3
idiom,L3,,东西小而精致（四字）,小巧玲珑,成语;综合;小升初高频,小学成语培优全书·教辅常见,idiom-l3-1105,成语-综合,L3
idiom,L3,,拿小题目作大文章（四字）,小题大做,成语;综合;小升初高频,小学成语培优全书·教辅常见,idiom-l3-1106,成语-综合,L3
idiom,L3,,经验不多（四字）,少不更事,成语;综合;小升初高频,小学成语培优全书·教辅常见,idiom-l3-1107,成语-综合,L3
idiom,L3,,彼此互相欺骗（四字）,尔虞我诈,成语;综合;小升初高频,小学成语培优全书·教辅常见,idiom-l3-1108,成语-综合,L3
idiom,L3,,小学教辅常见成语（四字）,尘土飞扬,成语;综合;小升初高频,小学成语培优全书·教辅常见,idiom-l3-1109,成语-综合,L3
idiom,L3,,小学教辅常见成语（四字）,尬尴场面,成语;综合;小升初高频,小学成语培优全书·教辅常见,idiom-l3-1110,成语-综合,L3
idiom,L3,,人人都知道（四字）,尽人皆知,成语;综合;小升初高频,小学成语培优全书·教辅常见,idiom-l3-1111,成语-综合,L3
idiom,L3,,费尽心力（四字）,尽心尽力,成语;综合;小升初高频,小学成语培优全书·教辅常见,idiom-l3-1112,成语-综合,L3
idiom,L3,,接连不断地出现，没有穷尽（四字）,层出不穷,成语;综合;小升初高频,小学成语培优全书·教辅常见,idiom-l3-1113,成语-综合,L3
idiom,L3,,小学教辅常见成语（四字）,层次分明,成语;综合;小升初高频,小学成语培优全书·教辅常见,idiom-l3-1114,成语-综合,L3
idiom,L3,,数目很少，扳着手指头就能数过来（四字）,屈指可数,成语;综合;小升初高频,小学成语培优全书·教辅常见,idiom-l3-1115,成语-综合,L3
idiom,L3,,鸟展开翅膀远远飞走了（四字）,展翅高飞,成语;综合;小升初高频,小学成语培优全书·教辅常见,idiom-l3-1116,成语-综合,L3
idiom,L3,,常常见到，并不新奇（四字）,屡见不鲜,成语;综合;小升初高频,小学成语培优全书·教辅常见,idiom-l3-1117,成语-综合,L3
idiom,L3,,行人、车马等象水流一样连续不断（四字）,川流不息,成语;综合;小升初高频,小学成语培优全书·教辅常见,idiom-l3-1118,成语-综合,L3
idiom,L3,,两个优秀的艺术作品不分上下（四字）,工力悉敌,成语;综合;小升初高频,小学成语培优全书·教辅常见,idiom-l3-1119,成语-综合,L3
idiom,L3,,无论怎样做都有难处（四字）,左右为难,成语;综合;小升初高频,小学成语培优全书·教辅常见,idiom-l3-1120,成语-综合,L3
idiom,L3,,赏识广博，应付裕如◇也比喻做事得心应手，非常顺利（四字）,左右逢源,成语;综合;小升初高频,小学成语培优全书·教辅常见,idiom-l3-1121,成语-综合,L3
idiom,L3,,人骄傲得意的神情（四字）,左顾右盼,成语;综合;小升初高频,小学成语培优全书·教辅常见,idiom-l3-1122,成语-综合,L3
idiom,L3,,勉强使人满意（四字）,差强人意,成语;综合;小升初高频,小学成语培优全书·教辅常见,idiom-l3-1123,成语-综合,L3
idiom,L3,,生活清苦（四字）,布衣蔬食,成语;综合;小升初高频,小学成语培优全书·教辅常见,idiom-l3-1124,成语-综合,L3
idiom,L3,,小学教辅常见成语（四字）,平安无事,成语;综合;小升初高频,小学成语培优全书·教辅常见,idiom-l3-1125,成语-综合,L3
idiom,L3,,小学教辅常见成语（四字）,平心静气,成语;综合;小升初高频,小学成语培优全书·教辅常见,idiom-l3-1126,成语-综合,L3
idiom,L3,,文字浅显，容易了解（四字）,平易近人,成语;综合;小升初高频,小学成语培优全书·教辅常见,idiom-l3-1127,成语-综合,L3
idiom,L3,,年纪轻，精力旺盛（四字）,年富力强,成语;综合;小升初高频,小学成语培优全书·教辅常见,idiom-l3-1128,成语-综合,L3
idiom,L3,,时间久远（四字）,年深日久,成语;综合;小升初高频,小学成语培优全书·教辅常见,idiom-l3-1129,成语-综合,L3
idiom,L3,,彼此的力量或才能不分高下（四字）,并驾齐驱,成语;综合;小升初高频,小学成语培优全书·教辅常见,idiom-l3-1130,成语-综合,L3
idiom,L3,,人缺乏善意，在别人遇到灾祸时感到高兴（四字）,幸灾乐祸,成语;综合;小升初高频,小学成语培优全书·教辅常见,idiom-l3-1131,成语-综合,L3
idiom,L3,,尽量给下面创造发表意见的条件（四字）,广开言路,成语;综合;小升初高频,小学成语培优全书·教辅常见,idiom-l3-1132,成语-综合,L3
idiom,L3,,答话很快，很流利（四字）,应对如流,成语;综合;小升初高频,小学成语培优全书·教辅常见,idiom-l3-1133,成语-综合,L3
idiom,L3,,景物繁多，来不及观赏◇多形容来人或事情太多，应付（四字）,应接不暇,成语;综合;小升初高频,小学成语培优全书·教辅常见,idiom-l3-1134,成语-综合,L3
idiom,L3,,天命，泛指时机（四字）,应运而生,成语;综合;小升初高频,小学成语培优全书·教辅常见,idiom-l3-1135,成语-综合,L3
idiom,L3,,专心努力（四字）,废寝忘食,成语;综合;小升初高频,小学成语培优全书·教辅常见,idiom-l3-1136,成语-综合,L3
idiom,L3,,日子很不好过（四字）,度日如年,成语;综合;小升初高频,小学成语培优全书·教辅常见,idiom-l3-1137,成语-综合,L3
idiom,L3,,美好的前途（四字）,康庄大道,成语;综合;小升初高频,小学成语培优全书·教辅常见,idiom-l3-1138,成语-综合,L3
idiom,L3,,本来没事，自己找麻烦（四字）,庸人自扰,成语;综合;小升初高频,小学成语培优全书·教辅常见,idiom-l3-1139,成语-综合,L3
idiom,L3,,小学教辅常见成语（四字）,延年益寿,成语;综合;小升初高频,小学成语培优全书·教辅常见,idiom-l3-1140,成语-综合,L3
idiom,L3,,空前的，自古以来没有过的（四字）,开天辟地,成语;综合;小升初高频,小学成语培优全书·教辅常见,idiom-l3-1141,成语-综合,L3
idiom,L3,,大家说得都一样（四字）,异口同声,成语;综合;小升初高频,小学成语培优全书·教辅常见,idiom-l3-1142,成语-综合,L3
idiom,L3,,凭空的、根本没有的事情（四字）,异想天开,成语;综合;小升初高频,小学成语培优全书·教辅常见,idiom-l3-1143,成语-综合,L3
idiom,L3,,多指由坏的转向好的，离开错误的道路走向正确的道路（四字）,弃旧图新,成语;综合;小升初高频,小学成语培优全书·教辅常见,idiom-l3-1144,成语-综合,L3
idiom,L3,,小学教辅常见成语（四字）,弄虚作假,成语;综合;小升初高频,小学成语培优全书·教辅常见,idiom-l3-1145,成语-综合,L3
idiom,L3,,风景或文艺作品特别吸引人（四字）,引人入胜,成语;综合;小升初高频,小学成语培优全书·教辅常见,idiom-l3-1146,成语-综合,L3
idiom,L3,,吸引人们注意（四字）,引人注目,成语;综合;小升初高频,小学成语培优全书·教辅常见,idiom-l3-1147,成语-综合,L3
idiom,L3,,小学教辅常见成语（四字）,引经据典,成语;综合;小升初高频,小学成语培优全书·教辅常见,idiom-l3-1148,成语-综合,L3
idiom,L3,,认错了对象，弄错了事实（四字）,张冠李戴,成语;综合;小升初高频,小学成语培优全书·教辅常见,idiom-l3-1149,成语-综合,L3
idiom,L3,,理屈词穷，或因紧张害怕而发愣（四字）,张口结舌,成语;综合;小升初高频,小学成语培优全书·教辅常见,idiom-l3-1150,成语-综合,L3
idiom,L3,,节日或有喜庆事情的景象（四字）,张灯结彩,成语;综合;小升初高频,小学成语培优全书·教辅常见,idiom-l3-1151,成语-综合,L3
idiom,L3,,猛兽凶恶可怕（四字）,张牙舞爪,成语;综合;小升初高频,小学成语培优全书·教辅常见,idiom-l3-1152,成语-综合,L3
idiom,L3,,无理强辩，明明没理硬说有理（四字）,强词夺理,成语;综合;小升初高频,小学成语培优全书·教辅常见,idiom-l3-1153,成语-综合,L3
idiom,L3,,回家心切（四字）,归心似箭,成语;综合;小升初高频,小学成语培优全书·教辅常见,idiom-l3-1154,成语-综合,L3
idiom,L3,,应当办理的事（四字）,当务之急,成语;综合;小升初高频,小学成语培优全书·教辅常见,idiom-l3-1155,成语-综合,L3
idiom,L3,,在紧要时刻立即做出决断（四字）,当机立断,成语;综合;小升初高频,小学成语培优全书·教辅常见,idiom-l3-1156,成语-综合,L3
idiom,L3,,彼此关系亲密，经常在一起（四字）,形影不离,成语;综合;小升初高频,小学成语培优全书·教辅常见,idiom-l3-1157,成语-综合,L3
idiom,L3,,小学教辅常见成语（四字）,彩旗飘扬,成语;综合;小升初高频,小学成语培优全书·教辅常见,idiom-l3-1158,成语-综合,L3
idiom,L3,,有名无实（四字）,徒有虚名,成语;综合;小升初高频,小学成语培优全书·教辅常见,idiom-l3-1159,成语-综合,L3
idiom,L3,,所得的利益抵偿不了所受的损失（四字）,得不偿失,成语;综合;小升初高频,小学成语培优全书·教辅常见,idiom-l3-1160,成语-综合,L3
idiom,L3,,贪心不足，有了小的，又要大的（四字）,得寸进尺,成语;综合;小升初高频,小学成语培优全书·教辅常见,idiom-l3-1161,成语-综合,L3
idiom,L3,,技艺纯熟或做事情非常顺利（四字）,得心应手,成语;综合;小升初高频,小学成语培优全书·教辅常见,idiom-l3-1162,成语-综合,L3
idiom,L3,,高兴得失去了常态（四字）,得意忘形,成语;综合;小升初高频,小学成语培优全书·教辅常见,idiom-l3-1163,成语-综合,L3
idiom,L3,,胸无大志（四字）,得过且过,成语;综合;小升初高频,小学成语培优全书·教辅常见,idiom-l3-1164,成语-综合,L3
idiom,L3,,甘肃一带（四字）,得陇望蜀,成语;综合;小升初高频,小学成语培优全书·教辅常见,idiom-l3-1165,成语-综合,L3
idiom,L3,,学习工作等按照一定的步骤逐渐深入或提高（四字）,循序渐进,成语;综合;小升初高频,小学成语培优全书·教辅常见,idiom-l3-1166,成语-综合,L3
idiom,L3,,行为的准则（四字）,循规蹈矩,成语;综合;小升初高频,小学成语培优全书·教辅常见,idiom-l3-1167,成语-综合,L3
idiom,L3,,意义、价值等小得不值得一提（四字）,微不足道,成语;综合;小升初高频,小学成语培优全书·教辅常见,idiom-l3-1168,成语-综合,L3
idiom,L3,,既有好的思想品质，又有工作的才干和能力（四字）,德才兼备,成语;综合;小升初高频,小学成语培优全书·教辅常见,idiom-l3-1169,成语-综合,L3
idiom,L3,,思想不集中（四字）,心不在焉,成语;综合;小升初高频,小学成语培优全书·教辅常见,idiom-l3-1170,成语-综合,L3
idiom,L3,,心里非常烦乱（四字）,心乱如麻,成语;综合;小升初高频,小学成语培优全书·教辅常见,idiom-l3-1171,成语-综合,L3
idiom,L3,,精神和体力都极度劳累（四字）,心力交瘁,成语;综合;小升初高频,小学成语培优全书·教辅常见,idiom-l3-1172,成语-综合,L3
idiom,L3,,自以为做的事情合乎道理，心里很坦然（四字）,心安理得,成语;综合;小升初高频,小学成语培优全书·教辅常见,idiom-l3-1173,成语-综合,L3
idiom,L3,,不急躁，不生气（四字）,心平气和,成语;综合;小升初高频,小学成语培优全书·教辅常见,idiom-l3-1174,成语-综合,L3
idiom,L3,,藏着不可告人的心事（四字）,心怀鬼胎,成语;综合;小升初高频,小学成语培优全书·教辅常见,idiom-l3-1175,成语-综合,L3
idiom,L3,,非常着急（四字）,心急如焚,成语;综合;小升初高频,小学成语培优全书·教辅常见,idiom-l3-1176,成语-综合,L3
idiom,L3,,十分害怕（四字）,心惊胆战,成语;综合;小升初高频,小学成语培优全书·教辅常见,idiom-l3-1177,成语-综合,L3
idiom,L3,,危险的事情虽然过去了，回想起来心里还害怕（四字）,心有余悸,成语;综合;小升初高频,小学成语培优全书·教辅常见,idiom-l3-1178,成语-综合,L3
idiom,L3,,心中非常满意（四字）,心满意足,成语;综合;小升初高频,小学成语培优全书·教辅常见,idiom-l3-1179,成语-综合,L3
idiom,L3,,心情十分激动，不能平静（四字）,心潮澎湃,成语;综合;小升初高频,小学成语培优全书·教辅常见,idiom-l3-1180,成语-综合,L3
idiom,L3,,小学教辅常见成语（四字）,心灰意冷,成语;综合;小升初高频,小学成语培优全书·教辅常见,idiom-l3-1181,成语-综合,L3
idiom,L3,,彼此心里明白，而不公开说出来（四字）,心照不宣,成语;综合;小升初高频,小学成语培优全书·教辅常见,idiom-l3-1182,成语-综合,L3
idiom,L3,,心情不平静（四字）,心神不宁,成语;综合;小升初高频,小学成语培优全书·教辅常见,idiom-l3-1183,成语-综合,L3
idiom,L3,,对方没有明说，心里已经领会（四字）,心领神会,成语;综合;小升初高频,小学成语培优全书·教辅常见,idiom-l3-1184,成语-综合,L3
idiom,L3,,一心向往（四字）,心驰神往,成语;综合;小升初高频,小学成语培优全书·教辅常见,idiom-l3-1185,成语-综合,L3
idiom,L3,,态度十分恭敬（四字）,必恭必敬,成语;综合;小升初高频,小学成语培优全书·教辅常见,idiom-l3-1186,成语-综合,L3
idiom,L3,,忍不住要发笑（四字）,忍俊不禁,成语;综合;小升初高频,小学成语培优全书·教辅常见,idiom-l3-1187,成语-综合,L3
idiom,L3,,志趣相同，意见一致（四字）,志同道合,成语;综合;小升初高频,小学成语培优全书·教辅常见,idiom-l3-1188,成语-综合,L3
idiom,L3,,小学教辅常见成语（四字）,志向远大,成语;综合;小升初高频,小学成语培优全书·教辅常见,idiom-l3-1189,成语-综合,L3
idiom,L3,,因过分兴奋或得意而忘了应有的举止（四字）,忘乎所以,成语;综合;小升初高频,小学成语培优全书·教辅常见,idiom-l3-1190,成语-综合,L3
idiom,L3,,忘记别人对自己的好处，反而做出对不起别人的事（四字）,忘恩负义,成语;综合;小升初高频,小学成语培优全书·教辅常见,idiom-l3-1191,成语-综合,L3
idiom,L3,,小学教辅常见成语（四字）,忧国忧民,成语;综合;小升初高频,小学成语培优全书·教辅常见,idiom-l3-1192,成语-综合,L3
idiom,L3,,高兴而满足的样子（四字）,怡然自得,成语;综合;小升初高频,小学成语培优全书·教辅常见,idiom-l3-1193,成语-综合,L3
idiom,L3,,紧急的时候，猛然想出办法（四字）,急中生智,成语;综合;小升初高频,小学成语培优全书·教辅常见,idiom-l3-1194,成语-综合,L3
idiom,L3,,遇到挫折或出了问题，一味报怨天，责怪别人（四字）,怨天尤人,成语;综合;小升初高频,小学成语培优全书·教辅常见,idiom-l3-1195,成语-综合,L3
idiom,L3,,小学教辅常见成语（四字）,怪模怪样,成语;综合;小升初高频,小学成语培优全书·教辅常见,idiom-l3-1196,成语-综合,L3
idiom,L3,,小学教辅常见成语（四字）,怪石嶙峋,成语;综合;小升初高频,小学成语培优全书·教辅常见,idiom-l3-1197,成语-综合,L3
idiom,L3,,小学教辅常见成语（四字）,怯懦无能,成语;综合;小升初高频,小学成语培优全书·教辅常见,idiom-l3-1198,成语-综合,L3
idiom,L3,,小学教辅常见成语（四字）,总而言之,成语;综合;小升初高频,小学成语培优全书·教辅常见,idiom-l3-1199,成语-综合,L3
idiom,L3,,一下子明白过来（四字）,恍然大悟,成语;综合;小升初高频,小学成语培优全书·教辅常见,idiom-l3-1200,成语-综合,L3
